insert into store_collection (id, title) values (1, 'Tools');
insert into store_collection (id, title) values (2, 'Books');
insert into store_collection (id, title) values (3, 'Books');
insert into store_collection (id, title) values (4, 'Games');
insert into store_collection (id, title) values (5, 'Movies');
insert into store_collection (id, title) values (6, 'Garden');
insert into store_collection (id, title) values (7, 'Games');
insert into store_collection (id, title) values (8, 'Movies');
insert into store_collection (id, title) values (9, 'Health');
insert into store_collection (id, title) values (10, 'Jewelry');

insert into store_product (id, title, description, slug, unit_price, inventory, last_update, collection_id) values (1, 'Pumpkin Spice Coffee', 'Pellentesque at nulla. Suspendisse potenti. Cras in purus eu magna vulputate luctus.', 'error: Field ''this'' not found', 5125.3, 308, '2025/03/19', 6);
insert into store_product (id, title, description, slug, unit_price, inventory, last_update, collection_id) values (2, 'Sweet Potato Tots', 'Proin interdum mauris non ligula pellentesque ultrices. Phasellus id sapien in sapien iaculis congue. Vivamus metus arcu, adipiscing molestie, hendrerit at, vulputate vitae, nisl.

Aenean lectus. Pellentesque eget nunc. Donec quis orci eget orci vehicula condimentum.', 'error: Field ''this'' not found', 175.13, 489, '2025/07/25', 3);
insert into store_product (id, title, description, slug, unit_price, inventory, last_update, collection_id) values (3, 'Electric Pressure Washer', 'Nullam porttitor lacus at turpis. Donec posuere metus vitae ipsum. Aliquam non mauris.

Morbi non lectus. Aliquam sit amet diam in magna bibendum imperdiet. Nullam orci pede, venenatis non, sodales sed, tincidunt eu, felis.', 'error: Field ''this'' not found', 7887.97, 271, '2025/05/29', 8);
insert into store_product (id, title, description, slug, unit_price, inventory, last_update, collection_id) values (4, 'Wall Art', 'Aliquam quis turpis eget elit sodales scelerisque. Mauris sit amet eros. Suspendisse accumsan tortor quis turpis.', 'error: Field ''this'' not found', 5195.8, 270, '2025/08/30', 4);
insert into store_product (id, title, description, slug, unit_price, inventory, last_update, collection_id) values (5, 'Mango Chunks', 'Donec diam neque, vestibulum eget, vulputate ut, ultrices vel, augue. Vestibulum ante ipsum primis in faucibus orci luctus et ultrices posuere cubilia Curae; Donec pharetra, magna vestibulum aliquet ultrices, erat tortor sollicitudin mi, sit amet lobortis sapien sapien non mi. Integer ac neque.

Duis bibendum. Morbi non quam nec dui luctus rutrum. Nulla tellus.', 'error: Field ''this'' not found', 2651.03, 268, '2025/03/19', 1);
insert into store_product (id, title, description, slug, unit_price, inventory, last_update, collection_id) values (6, 'Herb Garlic Butter', 'Morbi porttitor lorem id ligula. Suspendisse ornare consequat lectus. In est risus, auctor sed, tristique in, tempus sit amet, sem.

Fusce consequat. Nulla nisl. Nunc nisl.

Duis bibendum, felis sed interdum venenatis, turpis enim blandit mi, in porttitor pede justo eu massa. Donec dapibus. Duis at velit eu est congue elementum.', 'error: Field ''this'' not found', 211.03, 393, '2025/03/21', 9);
insert into store_product (id, title, description, slug, unit_price, inventory, last_update, collection_id) values (7, 'Electric Toothbrush Holder', 'Integer ac leo. Pellentesque ultrices mattis odio. Donec vitae nisi.

Nam ultrices, libero non mattis pulvinar, nulla pede ullamcorper augue, a suscipit nulla elit ac nulla. Sed vel enim sit amet nunc viverra dapibus. Nulla suscipit ligula in lacus.', 'error: Field ''this'' not found', 4575.24, 381, '2025/11/09', 3);
insert into store_product (id, title, description, slug, unit_price, inventory, last_update, collection_id) values (8, 'Hot Salsa', 'Maecenas ut massa quis augue luctus tincidunt. Nulla mollis molestie lorem. Quisque ut erat.

Curabitur gravida nisi at nibh. In hac habitasse platea dictumst. Aliquam augue quam, sollicitudin vitae, consectetuer eget, rutrum at, lorem.', 'error: Field ''this'' not found', 1721.88, 152, '2025/06/29', 7);
insert into store_product (id, title, description, slug, unit_price, inventory, last_update, collection_id) values (9, 'Wireless Charger Stand', 'Mauris enim leo, rhoncus sed, vestibulum sit amet, cursus id, turpis. Integer aliquet, massa id lobortis convallis, tortor risus dapibus augue, vel accumsan tellus nisi eu orci. Mauris lacinia sapien quis libero.

Nullam sit amet turpis elementum ligula vehicula consequat. Morbi a ipsum. Integer a nibh.', 'error: Field ''this'' not found', 5487.41, 88, '2025/03/22', 2);
insert into store_product (id, title, description, slug, unit_price, inventory, last_update, collection_id) values (10, 'Cinnamon Roll Dough', 'Curabitur in libero ut massa volutpat convallis. Morbi odio odio, elementum eu, interdum eu, tincidunt in, leo. Maecenas pulvinar lobortis est.

Phasellus sit amet erat. Nulla tempus. Vivamus in felis eu sapien cursus vestibulum.', 'error: Field ''this'' not found', 4678.24, 403, '2026/01/07', 5);
insert into store_product (id, title, description, slug, unit_price, inventory, last_update, collection_id) values (11, 'Peanut Butter Chocolate Clusters', 'Duis consequat dui nec nisi volutpat eleifend. Donec ut dolor. Morbi vel lectus in quam fringilla rhoncus.

Mauris enim leo, rhoncus sed, vestibulum sit amet, cursus id, turpis. Integer aliquet, massa id lobortis convallis, tortor risus dapibus augue, vel accumsan tellus nisi eu orci. Mauris lacinia sapien quis libero.', 'error: Field ''this'' not found', 69.62, 435, '2025/03/21', 9);
insert into store_product (id, title, description, slug, unit_price, inventory, last_update, collection_id) values (12, 'Coconut Chia Pudding', 'Donec diam neque, vestibulum eget, vulputate ut, ultrices vel, augue. Vestibulum ante ipsum primis in faucibus orci luctus et ultrices posuere cubilia Curae; Donec pharetra, magna vestibulum aliquet ultrices, erat tortor sollicitudin mi, sit amet lobortis sapien sapien non mi. Integer ac neque.

Duis bibendum. Morbi non quam nec dui luctus rutrum. Nulla tellus.

In sagittis dui vel nisl. Duis ac nibh. Fusce lacus purus, aliquet at, feugiat non, pretium quis, lectus.', 'error: Field ''this'' not found', 9737.71, 214, '2025/09/02', 2);
insert into store_product (id, title, description, slug, unit_price, inventory, last_update, collection_id) values (13, 'Canvas High-Top Sneakers', 'Phasellus in felis. Donec semper sapien a libero. Nam dui.

Proin leo odio, porttitor id, consequat in, consequat ut, nulla. Sed accumsan felis. Ut at dolor quis odio consequat varius.

Integer ac leo. Pellentesque ultrices mattis odio. Donec vitae nisi.', 'error: Field ''this'' not found', 5744.67, 26, '2025/08/28', 1);
insert into store_product (id, title, description, slug, unit_price, inventory, last_update, collection_id) values (14, 'Organic Tomato Soup', 'Duis bibendum, felis sed interdum venenatis, turpis enim blandit mi, in porttitor pede justo eu massa. Donec dapibus. Duis at velit eu est congue elementum.', 'error: Field ''this'' not found', 642.39, 36, '2025/03/25', 10);
insert into store_product (id, title, description, slug, unit_price, inventory, last_update, collection_id) values (15, 'Grapes (red)', 'Phasellus sit amet erat. Nulla tempus. Vivamus in felis eu sapien cursus vestibulum.', 'error: Field ''this'' not found', 4062.1, 284, '2025/04/01', 9);
insert into store_product (id, title, description, slug, unit_price, inventory, last_update, collection_id) values (16, 'Wireless HDMI Transmitter', 'Duis consequat dui nec nisi volutpat eleifend. Donec ut dolor. Morbi vel lectus in quam fringilla rhoncus.', 'error: Field ''this'' not found', 667.42, 8, '2025/12/24', 5);
insert into store_product (id, title, description, slug, unit_price, inventory, last_update, collection_id) values (17, 'Coconut Milk', 'Quisque id justo sit amet sapien dignissim vestibulum. Vestibulum ante ipsum primis in faucibus orci luctus et ultrices posuere cubilia Curae; Nulla dapibus dolor vel est. Donec odio justo, sollicitudin ut, suscipit a, feugiat et, eros.

Vestibulum ac est lacinia nisi venenatis tristique. Fusce congue, diam id ornare imperdiet, sapien urna pretium nisl, ut volutpat sapien arcu sed augue. Aliquam erat volutpat.', 'error: Field ''this'' not found', 9575.42, 210, '2025/10/05', 8);
insert into store_product (id, title, description, slug, unit_price, inventory, last_update, collection_id) values (18, 'Vegetarian Pizza', 'Vestibulum quam sapien, varius ut, blandit non, interdum in, ante. Vestibulum ante ipsum primis in faucibus orci luctus et ultrices posuere cubilia Curae; Duis faucibus accumsan odio. Curabitur convallis.

Duis consequat dui nec nisi volutpat eleifend. Donec ut dolor. Morbi vel lectus in quam fringilla rhoncus.

Mauris enim leo, rhoncus sed, vestibulum sit amet, cursus id, turpis. Integer aliquet, massa id lobortis convallis, tortor risus dapibus augue, vel accumsan tellus nisi eu orci. Mauris lacinia sapien quis libero.', 'error: Field ''this'' not found', 6278.29, 130, '2025/04/21', 4);
insert into store_product (id, title, description, slug, unit_price, inventory, last_update, collection_id) values (19, 'Bamboo Bathtub Caddy', 'In hac habitasse platea dictumst. Morbi vestibulum, velit id pretium iaculis, diam erat fermentum justo, nec condimentum neque sapien placerat ante. Nulla justo.

Aliquam quis turpis eget elit sodales scelerisque. Mauris sit amet eros. Suspendisse accumsan tortor quis turpis.

Sed ante. Vivamus tortor. Duis mattis egestas metus.', 'error: Field ''this'' not found', 9251.73, 195, '2025/10/07', 8);
insert into store_product (id, title, description, slug, unit_price, inventory, last_update, collection_id) values (20, 'Tropical Fruit Bowl', 'Integer tincidunt ante vel ipsum. Praesent blandit lacinia erat. Vestibulum sed magna at nunc commodo placerat.', 'error: Field ''this'' not found', 6540.12, 202, '2026/01/01', 6);
insert into store_product (id, title, description, slug, unit_price, inventory, last_update, collection_id) values (21, 'Fashionable Fanny Pack', 'Aliquam quis turpis eget elit sodales scelerisque. Mauris sit amet eros. Suspendisse accumsan tortor quis turpis.

Sed ante. Vivamus tortor. Duis mattis egestas metus.

Aenean fermentum. Donec ut mauris eget massa tempor convallis. Nulla neque libero, convallis eget, eleifend luctus, ultricies eu, nibh.', 'error: Field ''this'' not found', 350.7, 319, '2025/09/11', 6);
insert into store_product (id, title, description, slug, unit_price, inventory, last_update, collection_id) values (22, 'Chocolate Peanut Butter Cups', 'In quis justo. Maecenas rhoncus aliquam lacus. Morbi quis tortor id nulla ultrices aliquet.

Maecenas leo odio, condimentum id, luctus nec, molestie sed, justo. Pellentesque viverra pede ac diam. Cras pellentesque volutpat dui.

Maecenas tristique, est et tempus semper, est quam pharetra magna, ac consequat metus sapien ut nunc. Vestibulum ante ipsum primis in faucibus orci luctus et ultrices posuere cubilia Curae; Mauris viverra diam vitae quam. Suspendisse potenti.', 'error: Field ''this'' not found', 1438.34, 154, '2025/07/20', 9);
insert into store_product (id, title, description, slug, unit_price, inventory, last_update, collection_id) values (23, 'Herb Drying Rack', 'Duis bibendum. Morbi non quam nec dui luctus rutrum. Nulla tellus.', 'error: Field ''this'' not found', 8084.8, 490, '2025/12/15', 6);
insert into store_product (id, title, description, slug, unit_price, inventory, last_update, collection_id) values (24, 'Mini Hand Gesture Drone', 'In congue. Etiam justo. Etiam pretium iaculis justo.

In hac habitasse platea dictumst. Etiam faucibus cursus urna. Ut tellus.', 'error: Field ''this'' not found', 998.5, 343, '2025/12/07', 4);
insert into store_product (id, title, description, slug, unit_price, inventory, last_update, collection_id) values (25, 'Cheddar & Bacon Potato Skins', 'Maecenas ut massa quis augue luctus tincidunt. Nulla mollis molestie lorem. Quisque ut erat.', 'error: Field ''this'' not found', 3386.23, 197, '2025/09/06', 6);
insert into store_product (id, title, description, slug, unit_price, inventory, last_update, collection_id) values (26, 'Reusable Food Storage Bags', 'Donec diam neque, vestibulum eget, vulputate ut, ultrices vel, augue. Vestibulum ante ipsum primis in faucibus orci luctus et ultrices posuere cubilia Curae; Donec pharetra, magna vestibulum aliquet ultrices, erat tortor sollicitudin mi, sit amet lobortis sapien sapien non mi. Integer ac neque.

Duis bibendum. Morbi non quam nec dui luctus rutrum. Nulla tellus.

In sagittis dui vel nisl. Duis ac nibh. Fusce lacus purus, aliquet at, feugiat non, pretium quis, lectus.', 'error: Field ''this'' not found', 2029.55, 264, '2025/05/16', 7);
insert into store_product (id, title, description, slug, unit_price, inventory, last_update, collection_id) values (27, 'Eco-Friendly Disposable Plates', 'Cum sociis natoque penatibus et magnis dis parturient montes, nascetur ridiculus mus. Vivamus vestibulum sagittis sapien. Cum sociis natoque penatibus et magnis dis parturient montes, nascetur ridiculus mus.

Etiam vel augue. Vestibulum rutrum rutrum neque. Aenean auctor gravida sem.

Praesent id massa id nisl venenatis lacinia. Aenean sit amet justo. Morbi ut odio.', 'error: Field ''this'' not found', 8004.43, 316, '2025/04/06', 1);
insert into store_product (id, title, description, slug, unit_price, inventory, last_update, collection_id) values (28, 'Honey Roasted Almonds', 'In sagittis dui vel nisl. Duis ac nibh. Fusce lacus purus, aliquet at, feugiat non, pretium quis, lectus.

Suspendisse potenti. In eleifend quam a odio. In hac habitasse platea dictumst.

Maecenas ut massa quis augue luctus tincidunt. Nulla mollis molestie lorem. Quisque ut erat.', 'error: Field ''this'' not found', 4154.74, 332, '2025/11/19', 6);
insert into store_product (id, title, description, slug, unit_price, inventory, last_update, collection_id) values (29, 'Sweetened Condensed Milk', 'Nulla ut erat id mauris vulputate elementum. Nullam varius. Nulla facilisi.

Cras non velit nec nisi vulputate nonummy. Maecenas tincidunt lacus at velit. Vivamus vel nulla eget eros elementum pellentesque.

Quisque porta volutpat erat. Quisque erat eros, viverra eget, congue eget, semper rutrum, nulla. Nunc purus.', 'error: Field ''this'' not found', 5567.74, 10, '2025/04/23', 3);
insert into store_product (id, title, description, slug, unit_price, inventory, last_update, collection_id) values (30, 'Almond Butter Crunch Bar', 'Duis consequat dui nec nisi volutpat eleifend. Donec ut dolor. Morbi vel lectus in quam fringilla rhoncus.

Mauris enim leo, rhoncus sed, vestibulum sit amet, cursus id, turpis. Integer aliquet, massa id lobortis convallis, tortor risus dapibus augue, vel accumsan tellus nisi eu orci. Mauris lacinia sapien quis libero.

Nullam sit amet turpis elementum ligula vehicula consequat. Morbi a ipsum. Integer a nibh.', 'error: Field ''this'' not found', 7849.58, 392, '2025/08/18', 3);
insert into store_product (id, title, description, slug, unit_price, inventory, last_update, collection_id) values (31, 'Coconut Curry Lentils', 'Fusce posuere felis sed lacus. Morbi sem mauris, laoreet ut, rhoncus aliquet, pulvinar sed, nisl. Nunc rhoncus dui vel sem.', 'error: Field ''this'' not found', 835.74, 426, '2025/11/06', 6);
insert into store_product (id, title, description, slug, unit_price, inventory, last_update, collection_id) values (32, 'Car Emergency Kit', 'Vestibulum ac est lacinia nisi venenatis tristique. Fusce congue, diam id ornare imperdiet, sapien urna pretium nisl, ut volutpat sapien arcu sed augue. Aliquam erat volutpat.

In congue. Etiam justo. Etiam pretium iaculis justo.

In hac habitasse platea dictumst. Etiam faucibus cursus urna. Ut tellus.', 'error: Field ''this'' not found', 7744.22, 467, '2025/09/22', 9);
insert into store_product (id, title, description, slug, unit_price, inventory, last_update, collection_id) values (33, 'Golf Polo Shirt', 'Quisque porta volutpat erat. Quisque erat eros, viverra eget, congue eget, semper rutrum, nulla. Nunc purus.

Phasellus in felis. Donec semper sapien a libero. Nam dui.', 'error: Field ''this'' not found', 984.65, 42, '2025/04/14', 9);
insert into store_product (id, title, description, slug, unit_price, inventory, last_update, collection_id) values (34, 'Baked Mac and Cheese', 'Morbi non lectus. Aliquam sit amet diam in magna bibendum imperdiet. Nullam orci pede, venenatis non, sodales sed, tincidunt eu, felis.

Fusce posuere felis sed lacus. Morbi sem mauris, laoreet ut, rhoncus aliquet, pulvinar sed, nisl. Nunc rhoncus dui vel sem.', 'error: Field ''this'' not found', 4412.92, 15, '2025/09/04', 5);
insert into store_product (id, title, description, slug, unit_price, inventory, last_update, collection_id) values (35, 'Infrared Space Heater', 'Quisque porta volutpat erat. Quisque erat eros, viverra eget, congue eget, semper rutrum, nulla. Nunc purus.', 'error: Field ''this'' not found', 2948.43, 322, '2025/06/04', 9);
insert into store_product (id, title, description, slug, unit_price, inventory, last_update, collection_id) values (36, 'Robot Vacuum Cleaner', 'Cum sociis natoque penatibus et magnis dis parturient montes, nascetur ridiculus mus. Vivamus vestibulum sagittis sapien. Cum sociis natoque penatibus et magnis dis parturient montes, nascetur ridiculus mus.

Etiam vel augue. Vestibulum rutrum rutrum neque. Aenean auctor gravida sem.', 'error: Field ''this'' not found', 2829.72, 374, '2025/08/04', 1);
insert into store_product (id, title, description, slug, unit_price, inventory, last_update, collection_id) values (37, 'Puffer Winter Coat', 'Integer tincidunt ante vel ipsum. Praesent blandit lacinia erat. Vestibulum sed magna at nunc commodo placerat.', 'error: Field ''this'' not found', 1152.59, 60, '2025/02/16', 10);
insert into store_product (id, title, description, slug, unit_price, inventory, last_update, collection_id) values (38, 'Fitness Resistance Bands Kit', 'Etiam vel augue. Vestibulum rutrum rutrum neque. Aenean auctor gravida sem.', 'error: Field ''this'' not found', 7965.88, 485, '2025/03/26', 2);
insert into store_product (id, title, description, slug, unit_price, inventory, last_update, collection_id) values (39, 'Memory Foam Mattress Pad', 'Aenean lectus. Pellentesque eget nunc. Donec quis orci eget orci vehicula condimentum.

Curabitur in libero ut massa volutpat convallis. Morbi odio odio, elementum eu, interdum eu, tincidunt in, leo. Maecenas pulvinar lobortis est.', 'error: Field ''this'' not found', 2949.35, 416, '2025/08/23', 9);
insert into store_product (id, title, description, slug, unit_price, inventory, last_update, collection_id) values (40, 'Measuring Cups Set', 'Sed sagittis. Nam congue, risus semper porta volutpat, quam pede lobortis ligula, sit amet eleifend pede libero quis orci. Nullam molestie nibh in lectus.

Pellentesque at nulla. Suspendisse potenti. Cras in purus eu magna vulputate luctus.', 'error: Field ''this'' not found', 6992.95, 15, '2025/12/12', 5);
insert into store_product (id, title, description, slug, unit_price, inventory, last_update, collection_id) values (41, 'Puff Pastry', 'Pellentesque at nulla. Suspendisse potenti. Cras in purus eu magna vulputate luctus.', 'error: Field ''this'' not found', 5790.35, 431, '2025/10/03', 1);
insert into store_product (id, title, description, slug, unit_price, inventory, last_update, collection_id) values (42, 'Garden Hoses with Expandable Features', 'Phasellus sit amet erat. Nulla tempus. Vivamus in felis eu sapien cursus vestibulum.

Proin eu mi. Nulla ac enim. In tempor, turpis nec euismod scelerisque, quam turpis adipiscing lorem, vitae mattis nibh ligula nec sem.', 'error: Field ''this'' not found', 6066.45, 96, '2025/06/17', 8);
insert into store_product (id, title, description, slug, unit_price, inventory, last_update, collection_id) values (43, 'Oven-Baked Potato Chips', 'Vestibulum ac est lacinia nisi venenatis tristique. Fusce congue, diam id ornare imperdiet, sapien urna pretium nisl, ut volutpat sapien arcu sed augue. Aliquam erat volutpat.', 'error: Field ''this'' not found', 9876.57, 469, '2025/08/03', 6);
insert into store_product (id, title, description, slug, unit_price, inventory, last_update, collection_id) values (44, 'Waffle Maker', 'In hac habitasse platea dictumst. Etiam faucibus cursus urna. Ut tellus.

Nulla ut erat id mauris vulputate elementum. Nullam varius. Nulla facilisi.

Cras non velit nec nisi vulputate nonummy. Maecenas tincidunt lacus at velit. Vivamus vel nulla eget eros elementum pellentesque.', 'error: Field ''this'' not found', 603.54, 293, '2025/10/02', 1);
insert into store_product (id, title, description, slug, unit_price, inventory, last_update, collection_id) values (45, 'Safety First Aid Kit', 'In sagittis dui vel nisl. Duis ac nibh. Fusce lacus purus, aliquet at, feugiat non, pretium quis, lectus.

Suspendisse potenti. In eleifend quam a odio. In hac habitasse platea dictumst.

Maecenas ut massa quis augue luctus tincidunt. Nulla mollis molestie lorem. Quisque ut erat.', 'error: Field ''this'' not found', 5690.67, 337, '2025/11/17', 4);
insert into store_product (id, title, description, slug, unit_price, inventory, last_update, collection_id) values (46, 'Lemon Pepper Seasoning', 'Mauris enim leo, rhoncus sed, vestibulum sit amet, cursus id, turpis. Integer aliquet, massa id lobortis convallis, tortor risus dapibus augue, vel accumsan tellus nisi eu orci. Mauris lacinia sapien quis libero.

Nullam sit amet turpis elementum ligula vehicula consequat. Morbi a ipsum. Integer a nibh.

In quis justo. Maecenas rhoncus aliquam lacus. Morbi quis tortor id nulla ultrices aliquet.', 'error: Field ''this'' not found', 4571.83, 326, '2025/07/06', 8);
insert into store_product (id, title, description, slug, unit_price, inventory, last_update, collection_id) values (47, 'High-Quality Yoga Mat', 'Integer tincidunt ante vel ipsum. Praesent blandit lacinia erat. Vestibulum sed magna at nunc commodo placerat.

Praesent blandit. Nam nulla. Integer pede justo, lacinia eget, tincidunt eget, tempus vel, pede.

Morbi porttitor lorem id ligula. Suspendisse ornare consequat lectus. In est risus, auctor sed, tristique in, tempus sit amet, sem.', 'error: Field ''this'' not found', 1085.68, 266, '2025/08/08', 3);
insert into store_product (id, title, description, slug, unit_price, inventory, last_update, collection_id) values (48, 'Garlic Herb Grilled Chicken', 'In sagittis dui vel nisl. Duis ac nibh. Fusce lacus purus, aliquet at, feugiat non, pretium quis, lectus.

Suspendisse potenti. In eleifend quam a odio. In hac habitasse platea dictumst.', 'error: Field ''this'' not found', 1562.6, 136, '2025/06/17', 7);
insert into store_product (id, title, description, slug, unit_price, inventory, last_update, collection_id) values (49, 'Reusable Produce Bags Set', 'Quisque id justo sit amet sapien dignissim vestibulum. Vestibulum ante ipsum primis in faucibus orci luctus et ultrices posuere cubilia Curae; Nulla dapibus dolor vel est. Donec odio justo, sollicitudin ut, suscipit a, feugiat et, eros.

Vestibulum ac est lacinia nisi venenatis tristique. Fusce congue, diam id ornare imperdiet, sapien urna pretium nisl, ut volutpat sapien arcu sed augue. Aliquam erat volutpat.

In congue. Etiam justo. Etiam pretium iaculis justo.', 'error: Field ''this'' not found', 6618.44, 66, '2025/12/20', 2);
insert into store_product (id, title, description, slug, unit_price, inventory, last_update, collection_id) values (50, 'Microfiber Cleaning Cloths', 'Cum sociis natoque penatibus et magnis dis parturient montes, nascetur ridiculus mus. Vivamus vestibulum sagittis sapien. Cum sociis natoque penatibus et magnis dis parturient montes, nascetur ridiculus mus.

Etiam vel augue. Vestibulum rutrum rutrum neque. Aenean auctor gravida sem.', 'error: Field ''this'' not found', 8520.92, 154, '2025/07/12', 4);
insert into store_product (id, title, description, slug, unit_price, inventory, last_update, collection_id) values (51, 'Spicy Snack Mix', 'Cras mi pede, malesuada in, imperdiet et, commodo vulputate, justo. In blandit ultrices enim. Lorem ipsum dolor sit amet, consectetuer adipiscing elit.

Proin interdum mauris non ligula pellentesque ultrices. Phasellus id sapien in sapien iaculis congue. Vivamus metus arcu, adipiscing molestie, hendrerit at, vulputate vitae, nisl.

Aenean lectus. Pellentesque eget nunc. Donec quis orci eget orci vehicula condimentum.', 'error: Field ''this'' not found', 2962.79, 416, '2025/11/29', 7);
insert into store_product (id, title, description, slug, unit_price, inventory, last_update, collection_id) values (52, 'Measuring Cups Set', 'Aenean lectus. Pellentesque eget nunc. Donec quis orci eget orci vehicula condimentum.

Curabitur in libero ut massa volutpat convallis. Morbi odio odio, elementum eu, interdum eu, tincidunt in, leo. Maecenas pulvinar lobortis est.

Phasellus sit amet erat. Nulla tempus. Vivamus in felis eu sapien cursus vestibulum.', 'error: Field ''this'' not found', 8648.7, 43, '2025/02/01', 8);
insert into store_product (id, title, description, slug, unit_price, inventory, last_update, collection_id) values (53, 'Portable Speakers', 'Donec diam neque, vestibulum eget, vulputate ut, ultrices vel, augue. Vestibulum ante ipsum primis in faucibus orci luctus et ultrices posuere cubilia Curae; Donec pharetra, magna vestibulum aliquet ultrices, erat tortor sollicitudin mi, sit amet lobortis sapien sapien non mi. Integer ac neque.

Duis bibendum. Morbi non quam nec dui luctus rutrum. Nulla tellus.', 'error: Field ''this'' not found', 9967.41, 285, '2025/02/01', 7);
insert into store_product (id, title, description, slug, unit_price, inventory, last_update, collection_id) values (54, 'Electric Blanket', 'Nullam porttitor lacus at turpis. Donec posuere metus vitae ipsum. Aliquam non mauris.

Morbi non lectus. Aliquam sit amet diam in magna bibendum imperdiet. Nullam orci pede, venenatis non, sodales sed, tincidunt eu, felis.

Fusce posuere felis sed lacus. Morbi sem mauris, laoreet ut, rhoncus aliquet, pulvinar sed, nisl. Nunc rhoncus dui vel sem.', 'error: Field ''this'' not found', 594.47, 421, '2026/01/23', 3);
insert into store_product (id, title, description, slug, unit_price, inventory, last_update, collection_id) values (55, 'Magnetic Phone Car Mount', 'Cras non velit nec nisi vulputate nonummy. Maecenas tincidunt lacus at velit. Vivamus vel nulla eget eros elementum pellentesque.

Quisque porta volutpat erat. Quisque erat eros, viverra eget, congue eget, semper rutrum, nulla. Nunc purus.

Phasellus in felis. Donec semper sapien a libero. Nam dui.', 'error: Field ''this'' not found', 9700.9, 45, '2025/08/02', 7);
insert into store_product (id, title, description, slug, unit_price, inventory, last_update, collection_id) values (56, 'Pepperoni Pizza Rolls', 'Proin interdum mauris non ligula pellentesque ultrices. Phasellus id sapien in sapien iaculis congue. Vivamus metus arcu, adipiscing molestie, hendrerit at, vulputate vitae, nisl.', 'error: Field ''this'' not found', 3427.89, 74, '2025/07/20', 5);
insert into store_product (id, title, description, slug, unit_price, inventory, last_update, collection_id) values (57, 'Popcorn Chicken', 'Nulla ut erat id mauris vulputate elementum. Nullam varius. Nulla facilisi.

Cras non velit nec nisi vulputate nonummy. Maecenas tincidunt lacus at velit. Vivamus vel nulla eget eros elementum pellentesque.', 'error: Field ''this'' not found', 6643.59, 232, '2025/08/12', 7);
insert into store_product (id, title, description, slug, unit_price, inventory, last_update, collection_id) values (58, 'Organic Coconut Flour', 'Fusce consequat. Nulla nisl. Nunc nisl.

Duis bibendum, felis sed interdum venenatis, turpis enim blandit mi, in porttitor pede justo eu massa. Donec dapibus. Duis at velit eu est congue elementum.

In hac habitasse platea dictumst. Morbi vestibulum, velit id pretium iaculis, diam erat fermentum justo, nec condimentum neque sapien placerat ante. Nulla justo.', 'error: Field ''this'' not found', 9935.49, 252, '2025/11/23', 4);
insert into store_product (id, title, description, slug, unit_price, inventory, last_update, collection_id) values (59, 'Free-Range Eggs', 'In hac habitasse platea dictumst. Morbi vestibulum, velit id pretium iaculis, diam erat fermentum justo, nec condimentum neque sapien placerat ante. Nulla justo.

Aliquam quis turpis eget elit sodales scelerisque. Mauris sit amet eros. Suspendisse accumsan tortor quis turpis.

Sed ante. Vivamus tortor. Duis mattis egestas metus.', 'error: Field ''this'' not found', 6173.36, 480, '2025/10/20', 2);
insert into store_product (id, title, description, slug, unit_price, inventory, last_update, collection_id) values (60, 'Inflatable Party Cooler', 'Maecenas tristique, est et tempus semper, est quam pharetra magna, ac consequat metus sapien ut nunc. Vestibulum ante ipsum primis in faucibus orci luctus et ultrices posuere cubilia Curae; Mauris viverra diam vitae quam. Suspendisse potenti.

Nullam porttitor lacus at turpis. Donec posuere metus vitae ipsum. Aliquam non mauris.', 'error: Field ''this'' not found', 8129.46, 120, '2025/10/05', 7);
insert into store_product (id, title, description, slug, unit_price, inventory, last_update, collection_id) values (61, 'Hydration Backpack', 'Integer ac leo. Pellentesque ultrices mattis odio. Donec vitae nisi.

Nam ultrices, libero non mattis pulvinar, nulla pede ullamcorper augue, a suscipit nulla elit ac nulla. Sed vel enim sit amet nunc viverra dapibus. Nulla suscipit ligula in lacus.

Curabitur at ipsum ac tellus semper interdum. Mauris ullamcorper purus sit amet nulla. Quisque arcu libero, rutrum ac, lobortis vel, dapibus at, diam.', 'error: Field ''this'' not found', 7763.15, 276, '2025/07/04', 8);
insert into store_product (id, title, description, slug, unit_price, inventory, last_update, collection_id) values (62, 'Stuffed Grape Leaves', 'Maecenas ut massa quis augue luctus tincidunt. Nulla mollis molestie lorem. Quisque ut erat.

Curabitur gravida nisi at nibh. In hac habitasse platea dictumst. Aliquam augue quam, sollicitudin vitae, consectetuer eget, rutrum at, lorem.', 'error: Field ''this'' not found', 9791.82, 145, '2025/11/29', 1);
insert into store_product (id, title, description, slug, unit_price, inventory, last_update, collection_id) values (63, 'Peach Slices (canned)', 'Lorem ipsum dolor sit amet, consectetuer adipiscing elit. Proin risus. Praesent lectus.', 'error: Field ''this'' not found', 7627.21, 167, '2025/04/24', 1);
insert into store_product (id, title, description, slug, unit_price, inventory, last_update, collection_id) values (64, 'Caraway Rye Bread', 'Proin eu mi. Nulla ac enim. In tempor, turpis nec euismod scelerisque, quam turpis adipiscing lorem, vitae mattis nibh ligula nec sem.

Duis aliquam convallis nunc. Proin at turpis a pede posuere nonummy. Integer non velit.

Donec diam neque, vestibulum eget, vulputate ut, ultrices vel, augue. Vestibulum ante ipsum primis in faucibus orci luctus et ultrices posuere cubilia Curae; Donec pharetra, magna vestibulum aliquet ultrices, erat tortor sollicitudin mi, sit amet lobortis sapien sapien non mi. Integer ac neque.', 'error: Field ''this'' not found', 5362.45, 196, '2025/09/24', 10);
insert into store_product (id, title, description, slug, unit_price, inventory, last_update, collection_id) values (65, 'Dog Frisbee Toy', 'Morbi porttitor lorem id ligula. Suspendisse ornare consequat lectus. In est risus, auctor sed, tristique in, tempus sit amet, sem.', 'error: Field ''this'' not found', 6850.72, 477, '2026/01/24', 4);
insert into store_product (id, title, description, slug, unit_price, inventory, last_update, collection_id) values (66, 'Basmati Rice', 'Maecenas leo odio, condimentum id, luctus nec, molestie sed, justo. Pellentesque viverra pede ac diam. Cras pellentesque volutpat dui.

Maecenas tristique, est et tempus semper, est quam pharetra magna, ac consequat metus sapien ut nunc. Vestibulum ante ipsum primis in faucibus orci luctus et ultrices posuere cubilia Curae; Mauris viverra diam vitae quam. Suspendisse potenti.', 'error: Field ''this'' not found', 6281.58, 175, '2025/07/12', 2);
insert into store_product (id, title, description, slug, unit_price, inventory, last_update, collection_id) values (67, 'Reversible Swimming Pool Lounger', 'Suspendisse potenti. In eleifend quam a odio. In hac habitasse platea dictumst.', 'error: Field ''this'' not found', 7436.69, 467, '2025/04/21', 7);
insert into store_product (id, title, description, slug, unit_price, inventory, last_update, collection_id) values (68, 'Yoga Blocks', 'Praesent id massa id nisl venenatis lacinia. Aenean sit amet justo. Morbi ut odio.

Cras mi pede, malesuada in, imperdiet et, commodo vulputate, justo. In blandit ultrices enim. Lorem ipsum dolor sit amet, consectetuer adipiscing elit.', 'error: Field ''this'' not found', 8550.46, 395, '2025/08/01', 8);
insert into store_product (id, title, description, slug, unit_price, inventory, last_update, collection_id) values (69, 'Cheddar Cheese Slices', 'Nulla ut erat id mauris vulputate elementum. Nullam varius. Nulla facilisi.

Cras non velit nec nisi vulputate nonummy. Maecenas tincidunt lacus at velit. Vivamus vel nulla eget eros elementum pellentesque.

Quisque porta volutpat erat. Quisque erat eros, viverra eget, congue eget, semper rutrum, nulla. Nunc purus.', 'error: Field ''this'' not found', 3873.14, 201, '2025/02/21', 10);
insert into store_product (id, title, description, slug, unit_price, inventory, last_update, collection_id) values (70, 'Wireless Car Charger', 'Morbi porttitor lorem id ligula. Suspendisse ornare consequat lectus. In est risus, auctor sed, tristique in, tempus sit amet, sem.

Fusce consequat. Nulla nisl. Nunc nisl.', 'error: Field ''this'' not found', 629.83, 114, '2026/01/29', 7);
insert into store_product (id, title, description, slug, unit_price, inventory, last_update, collection_id) values (71, 'Matcha Green Tea Powder', 'Vestibulum quam sapien, varius ut, blandit non, interdum in, ante. Vestibulum ante ipsum primis in faucibus orci luctus et ultrices posuere cubilia Curae; Duis faucibus accumsan odio. Curabitur convallis.

Duis consequat dui nec nisi volutpat eleifend. Donec ut dolor. Morbi vel lectus in quam fringilla rhoncus.', 'error: Field ''this'' not found', 1754.61, 426, '2025/09/19', 4);
insert into store_product (id, title, description, slug, unit_price, inventory, last_update, collection_id) values (72, 'Portable Solar Generator', 'Sed sagittis. Nam congue, risus semper porta volutpat, quam pede lobortis ligula, sit amet eleifend pede libero quis orci. Nullam molestie nibh in lectus.

Pellentesque at nulla. Suspendisse potenti. Cras in purus eu magna vulputate luctus.

Cum sociis natoque penatibus et magnis dis parturient montes, nascetur ridiculus mus. Vivamus vestibulum sagittis sapien. Cum sociis natoque penatibus et magnis dis parturient montes, nascetur ridiculus mus.', 'error: Field ''this'' not found', 2399.18, 439, '2025/10/28', 10);
insert into store_product (id, title, description, slug, unit_price, inventory, last_update, collection_id) values (73, 'Cold Brew Coffee Concentrate', 'Praesent id massa id nisl venenatis lacinia. Aenean sit amet justo. Morbi ut odio.

Cras mi pede, malesuada in, imperdiet et, commodo vulputate, justo. In blandit ultrices enim. Lorem ipsum dolor sit amet, consectetuer adipiscing elit.

Proin interdum mauris non ligula pellentesque ultrices. Phasellus id sapien in sapien iaculis congue. Vivamus metus arcu, adipiscing molestie, hendrerit at, vulputate vitae, nisl.', 'error: Field ''this'' not found', 6660.46, 249, '2025/08/17', 4);
insert into store_product (id, title, description, slug, unit_price, inventory, last_update, collection_id) values (74, 'Wall Art', 'Duis consequat dui nec nisi volutpat eleifend. Donec ut dolor. Morbi vel lectus in quam fringilla rhoncus.', 'error: Field ''this'' not found', 286.01, 455, '2025/09/28', 3);
insert into store_product (id, title, description, slug, unit_price, inventory, last_update, collection_id) values (75, 'Solar Charger', 'Cum sociis natoque penatibus et magnis dis parturient montes, nascetur ridiculus mus. Vivamus vestibulum sagittis sapien. Cum sociis natoque penatibus et magnis dis parturient montes, nascetur ridiculus mus.

Etiam vel augue. Vestibulum rutrum rutrum neque. Aenean auctor gravida sem.', 'error: Field ''this'' not found', 2379.41, 421, '2025/07/13', 4);
insert into store_product (id, title, description, slug, unit_price, inventory, last_update, collection_id) values (76, 'Electric Pressure Cooker', 'Quisque porta volutpat erat. Quisque erat eros, viverra eget, congue eget, semper rutrum, nulla. Nunc purus.

Phasellus in felis. Donec semper sapien a libero. Nam dui.', 'error: Field ''this'' not found', 4618.7, 380, '2025/12/14', 5);
insert into store_product (id, title, description, slug, unit_price, inventory, last_update, collection_id) values (77, 'Compact Digital Camera', 'Curabitur in libero ut massa volutpat convallis. Morbi odio odio, elementum eu, interdum eu, tincidunt in, leo. Maecenas pulvinar lobortis est.

Phasellus sit amet erat. Nulla tempus. Vivamus in felis eu sapien cursus vestibulum.', 'error: Field ''this'' not found', 2258.63, 246, '2025/12/31', 8);
insert into store_product (id, title, description, slug, unit_price, inventory, last_update, collection_id) values (78, 'Coconut Curry Lentils', 'Morbi porttitor lorem id ligula. Suspendisse ornare consequat lectus. In est risus, auctor sed, tristique in, tempus sit amet, sem.

Fusce consequat. Nulla nisl. Nunc nisl.', 'error: Field ''this'' not found', 9667.2, 465, '2025/06/03', 5);
insert into store_product (id, title, description, slug, unit_price, inventory, last_update, collection_id) values (79, 'Portable UV Sterilizer', 'In hac habitasse platea dictumst. Morbi vestibulum, velit id pretium iaculis, diam erat fermentum justo, nec condimentum neque sapien placerat ante. Nulla justo.

Aliquam quis turpis eget elit sodales scelerisque. Mauris sit amet eros. Suspendisse accumsan tortor quis turpis.', 'error: Field ''this'' not found', 1174.33, 456, '2025/07/11', 2);
insert into store_product (id, title, description, slug, unit_price, inventory, last_update, collection_id) values (80, 'Nutritional Yeast', 'Morbi porttitor lorem id ligula. Suspendisse ornare consequat lectus. In est risus, auctor sed, tristique in, tempus sit amet, sem.', 'error: Field ''this'' not found', 7537.97, 191, '2025/06/03', 6);
insert into store_product (id, title, description, slug, unit_price, inventory, last_update, collection_id) values (81, 'Kids'' Art Supplies Kit', 'Cum sociis natoque penatibus et magnis dis parturient montes, nascetur ridiculus mus. Vivamus vestibulum sagittis sapien. Cum sociis natoque penatibus et magnis dis parturient montes, nascetur ridiculus mus.

Etiam vel augue. Vestibulum rutrum rutrum neque. Aenean auctor gravida sem.', 'error: Field ''this'' not found', 3105.86, 70, '2025/10/30', 3);
insert into store_product (id, title, description, slug, unit_price, inventory, last_update, collection_id) values (82, 'Pork Chops', 'Aenean lectus. Pellentesque eget nunc. Donec quis orci eget orci vehicula condimentum.

Curabitur in libero ut massa volutpat convallis. Morbi odio odio, elementum eu, interdum eu, tincidunt in, leo. Maecenas pulvinar lobortis est.

Phasellus sit amet erat. Nulla tempus. Vivamus in felis eu sapien cursus vestibulum.', 'error: Field ''this'' not found', 9021.84, 68, '2025/06/18', 10);
insert into store_product (id, title, description, slug, unit_price, inventory, last_update, collection_id) values (83, 'Watering Can with Nozzle', 'Aenean fermentum. Donec ut mauris eget massa tempor convallis. Nulla neque libero, convallis eget, eleifend luctus, ultricies eu, nibh.

Quisque id justo sit amet sapien dignissim vestibulum. Vestibulum ante ipsum primis in faucibus orci luctus et ultrices posuere cubilia Curae; Nulla dapibus dolor vel est. Donec odio justo, sollicitudin ut, suscipit a, feugiat et, eros.', 'error: Field ''this'' not found', 953.59, 46, '2025/05/25', 4);
insert into store_product (id, title, description, slug, unit_price, inventory, last_update, collection_id) values (84, 'Asian Noodle Salad Kit', 'Etiam vel augue. Vestibulum rutrum rutrum neque. Aenean auctor gravida sem.

Praesent id massa id nisl venenatis lacinia. Aenean sit amet justo. Morbi ut odio.

Cras mi pede, malesuada in, imperdiet et, commodo vulputate, justo. In blandit ultrices enim. Lorem ipsum dolor sit amet, consectetuer adipiscing elit.', 'error: Field ''this'' not found', 7750.48, 232, '2025/05/09', 8);
insert into store_product (id, title, description, slug, unit_price, inventory, last_update, collection_id) values (85, 'Pet Travel Backpack Carrier', 'In hac habitasse platea dictumst. Etiam faucibus cursus urna. Ut tellus.

Nulla ut erat id mauris vulputate elementum. Nullam varius. Nulla facilisi.

Cras non velit nec nisi vulputate nonummy. Maecenas tincidunt lacus at velit. Vivamus vel nulla eget eros elementum pellentesque.', 'error: Field ''this'' not found', 9490.22, 324, '2025/08/27', 8);
insert into store_product (id, title, description, slug, unit_price, inventory, last_update, collection_id) values (86, 'Foldable Yoga Mat', 'Suspendisse potenti. In eleifend quam a odio. In hac habitasse platea dictumst.', 'error: Field ''this'' not found', 8168.45, 101, '2025/12/07', 9);
insert into store_product (id, title, description, slug, unit_price, inventory, last_update, collection_id) values (87, 'Herb Drying Rack', 'Mauris enim leo, rhoncus sed, vestibulum sit amet, cursus id, turpis. Integer aliquet, massa id lobortis convallis, tortor risus dapibus augue, vel accumsan tellus nisi eu orci. Mauris lacinia sapien quis libero.', 'error: Field ''this'' not found', 5225.71, 495, '2025/02/06', 7);
insert into store_product (id, title, description, slug, unit_price, inventory, last_update, collection_id) values (88, 'Quinoa & Black Bean Salad', 'Nulla ut erat id mauris vulputate elementum. Nullam varius. Nulla facilisi.

Cras non velit nec nisi vulputate nonummy. Maecenas tincidunt lacus at velit. Vivamus vel nulla eget eros elementum pellentesque.

Quisque porta volutpat erat. Quisque erat eros, viverra eget, congue eget, semper rutrum, nulla. Nunc purus.', 'error: Field ''this'' not found', 9491.82, 158, '2025/03/24', 9);
insert into store_product (id, title, description, slug, unit_price, inventory, last_update, collection_id) values (89, 'Portable Laptop Table', 'Phasellus sit amet erat. Nulla tempus. Vivamus in felis eu sapien cursus vestibulum.

Proin eu mi. Nulla ac enim. In tempor, turpis nec euismod scelerisque, quam turpis adipiscing lorem, vitae mattis nibh ligula nec sem.', 'error: Field ''this'' not found', 2433.37, 417, '2025/04/09', 1);
insert into store_product (id, title, description, slug, unit_price, inventory, last_update, collection_id) values (90, 'Smart Home Hub', 'Aenean fermentum. Donec ut mauris eget massa tempor convallis. Nulla neque libero, convallis eget, eleifend luctus, ultricies eu, nibh.

Quisque id justo sit amet sapien dignissim vestibulum. Vestibulum ante ipsum primis in faucibus orci luctus et ultrices posuere cubilia Curae; Nulla dapibus dolor vel est. Donec odio justo, sollicitudin ut, suscipit a, feugiat et, eros.', 'error: Field ''this'' not found', 1859.74, 379, '2025/06/05', 5);
insert into store_product (id, title, description, slug, unit_price, inventory, last_update, collection_id) values (91, 'Sun-Dried Tomatoes', 'Duis aliquam convallis nunc. Proin at turpis a pede posuere nonummy. Integer non velit.', 'error: Field ''this'' not found', 2305.49, 227, '2025/03/16', 9);
insert into store_product (id, title, description, slug, unit_price, inventory, last_update, collection_id) values (92, 'Peanut Butter Filled Pretzels', 'Maecenas tristique, est et tempus semper, est quam pharetra magna, ac consequat metus sapien ut nunc. Vestibulum ante ipsum primis in faucibus orci luctus et ultrices posuere cubilia Curae; Mauris viverra diam vitae quam. Suspendisse potenti.

Nullam porttitor lacus at turpis. Donec posuere metus vitae ipsum. Aliquam non mauris.

Morbi non lectus. Aliquam sit amet diam in magna bibendum imperdiet. Nullam orci pede, venenatis non, sodales sed, tincidunt eu, felis.', 'error: Field ''this'' not found', 2588.39, 168, '2025/09/20', 5);
insert into store_product (id, title, description, slug, unit_price, inventory, last_update, collection_id) values (93, 'Terry Cloth Robe', 'Quisque porta volutpat erat. Quisque erat eros, viverra eget, congue eget, semper rutrum, nulla. Nunc purus.

Phasellus in felis. Donec semper sapien a libero. Nam dui.

Proin leo odio, porttitor id, consequat in, consequat ut, nulla. Sed accumsan felis. Ut at dolor quis odio consequat varius.', 'error: Field ''this'' not found', 834.92, 22, '2025/08/28', 2);
insert into store_product (id, title, description, slug, unit_price, inventory, last_update, collection_id) values (94, 'Ethically-Sourced Coffee Beans', 'Nam ultrices, libero non mattis pulvinar, nulla pede ullamcorper augue, a suscipit nulla elit ac nulla. Sed vel enim sit amet nunc viverra dapibus. Nulla suscipit ligula in lacus.', 'error: Field ''this'' not found', 2511.56, 163, '2025/08/06', 4);
insert into store_product (id, title, description, slug, unit_price, inventory, last_update, collection_id) values (95, 'Nutty Quinoa Salad', 'Maecenas leo odio, condimentum id, luctus nec, molestie sed, justo. Pellentesque viverra pede ac diam. Cras pellentesque volutpat dui.', 'error: Field ''this'' not found', 7566.95, 14, '2026/01/31', 5);
insert into store_product (id, title, description, slug, unit_price, inventory, last_update, collection_id) values (96, 'Falafel Mix', 'Maecenas leo odio, condimentum id, luctus nec, molestie sed, justo. Pellentesque viverra pede ac diam. Cras pellentesque volutpat dui.

Maecenas tristique, est et tempus semper, est quam pharetra magna, ac consequat metus sapien ut nunc. Vestibulum ante ipsum primis in faucibus orci luctus et ultrices posuere cubilia Curae; Mauris viverra diam vitae quam. Suspendisse potenti.

Nullam porttitor lacus at turpis. Donec posuere metus vitae ipsum. Aliquam non mauris.', 'error: Field ''this'' not found', 7008.51, 373, '2025/07/17', 4);
insert into store_product (id, title, description, slug, unit_price, inventory, last_update, collection_id) values (97, 'Pumpkin Spice Muffins', 'Duis consequat dui nec nisi volutpat eleifend. Donec ut dolor. Morbi vel lectus in quam fringilla rhoncus.

Mauris enim leo, rhoncus sed, vestibulum sit amet, cursus id, turpis. Integer aliquet, massa id lobortis convallis, tortor risus dapibus augue, vel accumsan tellus nisi eu orci. Mauris lacinia sapien quis libero.

Nullam sit amet turpis elementum ligula vehicula consequat. Morbi a ipsum. Integer a nibh.', 'error: Field ''this'' not found', 4530.13, 216, '2025/04/17', 1);
insert into store_product (id, title, description, slug, unit_price, inventory, last_update, collection_id) values (98, 'Wireless Security Camera', 'Sed sagittis. Nam congue, risus semper porta volutpat, quam pede lobortis ligula, sit amet eleifend pede libero quis orci. Nullam molestie nibh in lectus.', 'error: Field ''this'' not found', 8539.11, 164, '2025/08/21', 9);
insert into store_product (id, title, description, slug, unit_price, inventory, last_update, collection_id) values (99, 'USB Flash Drive', 'Duis bibendum, felis sed interdum venenatis, turpis enim blandit mi, in porttitor pede justo eu massa. Donec dapibus. Duis at velit eu est congue elementum.

In hac habitasse platea dictumst. Morbi vestibulum, velit id pretium iaculis, diam erat fermentum justo, nec condimentum neque sapien placerat ante. Nulla justo.

Aliquam quis turpis eget elit sodales scelerisque. Mauris sit amet eros. Suspendisse accumsan tortor quis turpis.', 'error: Field ''this'' not found', 4089.73, 36, '2026/01/14', 8);
insert into store_product (id, title, description, slug, unit_price, inventory, last_update, collection_id) values (100, 'Skincare Set', 'Maecenas tristique, est et tempus semper, est quam pharetra magna, ac consequat metus sapien ut nunc. Vestibulum ante ipsum primis in faucibus orci luctus et ultrices posuere cubilia Curae; Mauris viverra diam vitae quam. Suspendisse potenti.', 'error: Field ''this'' not found', 3652.31, 295, '2025/03/11', 4);



insert into store_customer (id, first_name, last_name, email, phone, birth_date, membership) values (1, 'Minne', 'Hellis', 'mhellis0@sitemeter.com', '788-324-6211', '2025/12/30', 'B');
insert into store_customer (id, first_name, last_name, email, phone, birth_date, membership) values (2, 'Archambault', 'Father', 'afather1@accuweather.com', '999-982-9862', '2025/10/07', 'S');
insert into store_customer (id, first_name, last_name, email, phone, birth_date, membership) values (3, 'Linda', 'Burt', 'lburt2@macromedia.com', '297-517-2867', '2025/07/20', 'B');
insert into store_customer (id, first_name, last_name, email, phone, birth_date, membership) values (4, 'Ossie', 'Pochon', 'opochon3@mediafire.com', '141-479-7927', '2025/02/08', 'S');
insert into store_customer (id, first_name, last_name, email, phone, birth_date, membership) values (5, 'Burt', 'O''Heneghan', 'boheneghan4@uol.com.br', '299-370-3962', '2025/09/23', 'G');
insert into store_customer (id, first_name, last_name, email, phone, birth_date, membership) values (6, 'Willabella', 'Matzen', 'wmatzen5@virginia.edu', '890-379-9046', '2025/05/06', 'B');
insert into store_customer (id, first_name, last_name, email, phone, birth_date, membership) values (7, 'Giovanna', 'Goosey', 'ggoosey6@amazon.com', '433-256-0875', '2026/01/28', 'B');
insert into store_customer (id, first_name, last_name, email, phone, birth_date, membership) values (8, 'Terrel', 'Cockitt', 'tcockitt7@usa.gov', '769-118-2958', '2025/05/20', 'S');
insert into store_customer (id, first_name, last_name, email, phone, birth_date, membership) values (9, 'Morganne', 'Giorio', 'mgiorio8@hao123.com', '573-421-2260', '2025/04/10', 'G');
insert into store_customer (id, first_name, last_name, email, phone, birth_date, membership) values (10, 'Vera', 'Flade', 'vflade9@hao123.com', '161-311-7876', '2025/09/17', 'S');
insert into store_customer (id, first_name, last_name, email, phone, birth_date, membership) values (11, 'Jourdain', 'Allin', 'jallina@chronoengine.com', '816-350-6915', '2025/08/26', 'B');
insert into store_customer (id, first_name, last_name, email, phone, birth_date, membership) values (12, 'Viviana', 'Ingall', 'vingallb@virginia.edu', '507-555-6275', '2025/07/20', 'S');
insert into store_customer (id, first_name, last_name, email, phone, birth_date, membership) values (13, 'Sutton', 'Gooly', 'sgoolyc@reference.com', '596-612-9883', '2025/11/10', 'B');
insert into store_customer (id, first_name, last_name, email, phone, birth_date, membership) values (14, 'Keir', 'Monard', 'kmonardd@dagondesign.com', '336-936-1455', '2025/12/14', 'S');
insert into store_customer (id, first_name, last_name, email, phone, birth_date, membership) values (15, 'Monro', 'Normanville', 'mnormanvillee@yelp.com', '399-344-7924', '2025/08/16', 'B');
insert into store_customer (id, first_name, last_name, email, phone, birth_date, membership) values (16, 'Giacopo', 'Pounsett', 'gpounsettf@google.ca', '582-533-4483', '2025/04/02', 'G');
insert into store_customer (id, first_name, last_name, email, phone, birth_date, membership) values (17, 'Antonella', 'Lilbourne', 'alilbourneg@xrea.com', '267-995-6430', '2025/09/22', 'S');
insert into store_customer (id, first_name, last_name, email, phone, birth_date, membership) values (18, 'Billi', 'Cornillot', 'bcornilloth@ifeng.com', '491-587-5636', '2025/02/16', 'S');
insert into store_customer (id, first_name, last_name, email, phone, birth_date, membership) values (19, 'Garold', 'Freire', 'gfreirei@netvibes.com', '641-847-6104', '2025/06/07', 'G');
insert into store_customer (id, first_name, last_name, email, phone, birth_date, membership) values (20, 'Marmaduke', 'Rubee', 'mrubeej@weibo.com', '797-547-6189', '2025/10/21', 'S');
insert into store_customer (id, first_name, last_name, email, phone, birth_date, membership) values (21, 'Madge', 'Bagehot', 'mbagehotk@fastcompany.com', '483-460-8745', '2025/12/22', 'B');
insert into store_customer (id, first_name, last_name, email, phone, birth_date, membership) values (22, 'Vivianna', 'Meadowcraft', 'vmeadowcraftl@unc.edu', '195-927-8784', '2025/06/09', 'G');
insert into store_customer (id, first_name, last_name, email, phone, birth_date, membership) values (23, 'Roberto', 'Ashplant', 'rashplantm@cdc.gov', '387-482-9206', '2025/11/22', 'B');
insert into store_customer (id, first_name, last_name, email, phone, birth_date, membership) values (24, 'Bonny', 'Ragbourne', 'bragbournen@fema.gov', '280-483-2377', '2025/08/31', 'G');
insert into store_customer (id, first_name, last_name, email, phone, birth_date, membership) values (25, 'Dolley', 'Hutchcraft', 'dhutchcrafto@printfriendly.com', '873-624-2683', '2025/11/03', 'B');
insert into store_customer (id, first_name, last_name, email, phone, birth_date, membership) values (26, 'Florri', 'Rutledge', 'frutledgep@vistaprint.com', '543-451-7139', '2025/07/09', 'S');
insert into store_customer (id, first_name, last_name, email, phone, birth_date, membership) values (27, 'Daniella', 'Benedidick', 'dbenedidickq@army.mil', '423-789-2902', '2025/06/11', 'B');
insert into store_customer (id, first_name, last_name, email, phone, birth_date, membership) values (28, 'Renate', 'Schriren', 'rschrirenr@google.it', '368-618-6121', '2025/05/23', 'S');
insert into store_customer (id, first_name, last_name, email, phone, birth_date, membership) values (29, 'Minette', 'Swinnard', 'mswinnards@paypal.com', '909-153-5924', '2025/03/14', 'S');
insert into store_customer (id, first_name, last_name, email, phone, birth_date, membership) values (30, 'Davidde', 'Piniur', 'dpiniurt@vistaprint.com', '626-761-9637', '2025/07/14', 'G');
insert into store_customer (id, first_name, last_name, email, phone, birth_date, membership) values (31, 'Goldina', 'Meddemmen', 'gmeddemmenu@drupal.org', '184-926-5008', '2025/02/15', 'G');
insert into store_customer (id, first_name, last_name, email, phone, birth_date, membership) values (32, 'Noelyn', 'Jahner', 'njahnerv@furl.net', '656-928-5849', '2025/11/13', 'B');
insert into store_customer (id, first_name, last_name, email, phone, birth_date, membership) values (33, 'Chere', 'Tolfrey', 'ctolfreyw@hhs.gov', '131-346-3791', '2025/07/28', 'B');
insert into store_customer (id, first_name, last_name, email, phone, birth_date, membership) values (34, 'Bucky', 'Belderfield', 'bbelderfieldx@oakley.com', '716-542-3510', '2025/10/26', 'S');
insert into store_customer (id, first_name, last_name, email, phone, birth_date, membership) values (35, 'Powell', 'McCarl', 'pmccarly@harvard.edu', '161-989-5610', '2025/10/14', 'G');
insert into store_customer (id, first_name, last_name, email, phone, birth_date, membership) values (36, 'Gilda', 'Wogdon', 'gwogdonz@discovery.com', '321-178-1388', '2025/03/26', 'B');
insert into store_customer (id, first_name, last_name, email, phone, birth_date, membership) values (37, 'Annmarie', 'Symones', 'asymones10@census.gov', '835-376-8288', '2025/05/12', 'G');
insert into store_customer (id, first_name, last_name, email, phone, birth_date, membership) values (38, 'Kandace', 'Swaysland', 'kswaysland11@blog.com', '449-614-6605', '2025/11/18', 'S');
insert into store_customer (id, first_name, last_name, email, phone, birth_date, membership) values (39, 'Bartram', 'Tremoulet', 'btremoulet12@mapy.cz', '981-847-3248', '2025/09/26', 'S');
insert into store_customer (id, first_name, last_name, email, phone, birth_date, membership) values (40, 'Guinna', 'Moreinis', 'gmoreinis13@themeforest.net', '409-447-9925', '2025/09/17', 'S');
insert into store_customer (id, first_name, last_name, email, phone, birth_date, membership) values (41, 'Charil', 'Gosson', 'cgosson14@epa.gov', '358-487-5231', '2025/12/02', 'S');
insert into store_customer (id, first_name, last_name, email, phone, birth_date, membership) values (42, 'Eileen', 'Linggard', 'elinggard15@unblog.fr', '849-390-9588', '2025/06/26', 'G');
insert into store_customer (id, first_name, last_name, email, phone, birth_date, membership) values (43, 'Griffith', 'Keelan', 'gkeelan16@china.com.cn', '557-914-8291', '2025/08/06', 'S');
insert into store_customer (id, first_name, last_name, email, phone, birth_date, membership) values (44, 'Minetta', 'Hollyard', 'mhollyard17@cbc.ca', '494-533-7034', '2025/10/30', 'B');
insert into store_customer (id, first_name, last_name, email, phone, birth_date, membership) values (45, 'Aundrea', 'Kinset', 'akinset18@who.int', '899-632-6929', '2026/01/30', 'S');
insert into store_customer (id, first_name, last_name, email, phone, birth_date, membership) values (46, 'Druci', 'Spawell', 'dspawell19@home.pl', '948-704-2893', '2025/09/02', 'S');
insert into store_customer (id, first_name, last_name, email, phone, birth_date, membership) values (47, 'Austin', 'Braunter', 'abraunter1a@yellowbook.com', '302-150-7280', '2025/12/10', 'B');
insert into store_customer (id, first_name, last_name, email, phone, birth_date, membership) values (48, 'Koo', 'Dunkerley', 'kdunkerley1b@paypal.com', '561-335-9885', '2025/06/25', 'S');
insert into store_customer (id, first_name, last_name, email, phone, birth_date, membership) values (49, 'Lucilia', 'Gyford', 'lgyford1c@cnn.com', '316-912-7524', '2025/08/19', 'G');
insert into store_customer (id, first_name, last_name, email, phone, birth_date, membership) values (50, 'Maison', 'Lawrey', 'mlawrey1d@over-blog.com', '794-250-9231', '2025/08/03', 'S');
insert into store_customer (id, first_name, last_name, email, phone, birth_date, membership) values (51, 'Isidora', 'Heckner', 'iheckner1e@fastcompany.com', '222-904-0744', '2025/05/11', 'G');
insert into store_customer (id, first_name, last_name, email, phone, birth_date, membership) values (52, 'Cirstoforo', 'Shier', 'cshier1f@tiny.cc', '371-758-8471', '2025/03/20', 'B');
insert into store_customer (id, first_name, last_name, email, phone, birth_date, membership) values (53, 'Leora', 'Ackrill', 'lackrill1g@pinterest.com', '356-478-0301', '2026/01/14', 'S');
insert into store_customer (id, first_name, last_name, email, phone, birth_date, membership) values (54, 'Sigmund', 'Colnet', 'scolnet1h@cam.ac.uk', '308-277-6822', '2025/07/08', 'S');
insert into store_customer (id, first_name, last_name, email, phone, birth_date, membership) values (55, 'Harvey', 'Dilkes', 'hdilkes1i@cloudflare.com', '997-528-2518', '2025/08/16', 'B');
insert into store_customer (id, first_name, last_name, email, phone, birth_date, membership) values (56, 'Gardie', 'Dingate', 'gdingate1j@alexa.com', '419-225-7241', '2025/10/23', 'B');
insert into store_customer (id, first_name, last_name, email, phone, birth_date, membership) values (57, 'Cori', 'Purslow', 'cpurslow1k@xing.com', '384-953-0779', '2025/10/21', 'G');
insert into store_customer (id, first_name, last_name, email, phone, birth_date, membership) values (58, 'Luce', 'Borgesio', 'lborgesio1l@freewebs.com', '158-495-5499', '2025/10/26', 'B');
insert into store_customer (id, first_name, last_name, email, phone, birth_date, membership) values (59, 'Elisa', 'Grouer', 'egrouer1m@disqus.com', '579-165-1558', '2025/06/12', 'B');
insert into store_customer (id, first_name, last_name, email, phone, birth_date, membership) values (60, 'Collete', 'Guttridge', 'cguttridge1n@auda.org.au', '121-929-0824', '2025/05/22', 'G');
insert into store_customer (id, first_name, last_name, email, phone, birth_date, membership) values (61, 'Justinn', 'Cawthron', 'jcawthron1o@reference.com', '826-229-4082', '2025/08/16', 'B');
insert into store_customer (id, first_name, last_name, email, phone, birth_date, membership) values (62, 'Dania', 'Giorgi', 'dgiorgi1p@time.com', '717-596-6076', '2025/06/26', 'B');
insert into store_customer (id, first_name, last_name, email, phone, birth_date, membership) values (63, 'Cyrille', 'Berget', 'cberget1q@devhub.com', '765-860-8635', '2025/10/26', 'S');
insert into store_customer (id, first_name, last_name, email, phone, birth_date, membership) values (64, 'Roxi', 'Trouncer', 'rtrouncer1r@netscape.com', '403-568-4230', '2025/02/16', 'B');
insert into store_customer (id, first_name, last_name, email, phone, birth_date, membership) values (65, 'Langston', 'Hollidge', 'lhollidge1s@blog.com', '512-375-9433', '2025/11/01', 'G');
insert into store_customer (id, first_name, last_name, email, phone, birth_date, membership) values (66, 'Sauveur', 'Linham', 'slinham1t@apple.com', '492-172-6014', '2025/05/25', 'G');
insert into store_customer (id, first_name, last_name, email, phone, birth_date, membership) values (67, 'Torrie', 'Easdon', 'teasdon1u@oracle.com', '705-700-6375', '2025/09/21', 'G');
insert into store_customer (id, first_name, last_name, email, phone, birth_date, membership) values (68, 'Mufi', 'Sheehy', 'msheehy1v@kickstarter.com', '874-594-7166', '2025/07/16', 'S');
insert into store_customer (id, first_name, last_name, email, phone, birth_date, membership) values (69, 'Heidi', 'Redier', 'hredier1w@soundcloud.com', '840-415-7317', '2025/03/30', 'G');
insert into store_customer (id, first_name, last_name, email, phone, birth_date, membership) values (70, 'Billye', 'Armor', 'barmor1x@cnet.com', '499-129-7134', '2025/03/15', 'S');
insert into store_customer (id, first_name, last_name, email, phone, birth_date, membership) values (71, 'Kirby', 'Luquet', 'kluquet1y@cnbc.com', '271-463-5104', '2025/02/19', 'G');
insert into store_customer (id, first_name, last_name, email, phone, birth_date, membership) values (72, 'Helena', 'Kynforth', 'hkynforth1z@cbc.ca', '519-651-3641', '2025/03/20', 'G');
insert into store_customer (id, first_name, last_name, email, phone, birth_date, membership) values (73, 'Creigh', 'Fanshaw', 'cfanshaw20@sakura.ne.jp', '734-212-6958', '2025/09/02', 'B');
insert into store_customer (id, first_name, last_name, email, phone, birth_date, membership) values (74, 'Codee', 'Laidlaw', 'claidlaw21@weebly.com', '632-408-2096', '2025/04/21', 'G');
insert into store_customer (id, first_name, last_name, email, phone, birth_date, membership) values (75, 'Michelle', 'Brailey', 'mbrailey22@ihg.com', '102-584-8150', '2025/05/01', 'G');
insert into store_customer (id, first_name, last_name, email, phone, birth_date, membership) values (76, 'Ilsa', 'Czadla', 'iczadla23@webs.com', '343-784-3129', '2025/03/24', 'B');
insert into store_customer (id, first_name, last_name, email, phone, birth_date, membership) values (77, 'Stafani', 'Hancell', 'shancell24@goo.ne.jp', '606-847-7921', '2025/06/19', 'B');
insert into store_customer (id, first_name, last_name, email, phone, birth_date, membership) values (78, 'Katharine', 'Orris', 'korris25@uol.com.br', '461-232-3206', '2025/09/23', 'B');
insert into store_customer (id, first_name, last_name, email, phone, birth_date, membership) values (79, 'Boigie', 'Baake', 'bbaake26@newyorker.com', '425-573-1206', '2025/10/27', 'G');
insert into store_customer (id, first_name, last_name, email, phone, birth_date, membership) values (80, 'Marcela', 'Brunstan', 'mbrunstan27@alexa.com', '336-239-6172', '2025/02/06', 'B');
insert into store_customer (id, first_name, last_name, email, phone, birth_date, membership) values (81, 'Munmro', 'Amy', 'mamy28@smugmug.com', '467-216-8763', '2025/08/22', 'G');
insert into store_customer (id, first_name, last_name, email, phone, birth_date, membership) values (82, 'Jandy', 'Dumbrill', 'jdumbrill29@economist.com', '621-610-6364', '2025/09/17', 'S');
insert into store_customer (id, first_name, last_name, email, phone, birth_date, membership) values (83, 'Corey', 'Beaconsall', 'cbeaconsall2a@wikimedia.org', '331-727-5790', '2025/12/10', 'B');
insert into store_customer (id, first_name, last_name, email, phone, birth_date, membership) values (84, 'Blair', 'Pope', 'bpope2b@indiatimes.com', '775-207-7893', '2025/09/20', 'S');
insert into store_customer (id, first_name, last_name, email, phone, birth_date, membership) values (85, 'Dasi', 'Merchant', 'dmerchant2c@slate.com', '970-542-7227', '2025/04/19', 'B');
insert into store_customer (id, first_name, last_name, email, phone, birth_date, membership) values (86, 'Saunder', 'Ganley', 'sganley2d@naver.com', '825-641-5978', '2026/01/16', 'B');
insert into store_customer (id, first_name, last_name, email, phone, birth_date, membership) values (87, 'Orson', 'Lusher', 'olusher2e@senate.gov', '900-993-5104', '2025/11/24', 'G');
insert into store_customer (id, first_name, last_name, email, phone, birth_date, membership) values (88, 'Pebrook', 'Crockett', 'pcrockett2f@twitpic.com', '588-758-3901', '2025/09/01', 'S');
insert into store_customer (id, first_name, last_name, email, phone, birth_date, membership) values (89, 'Valene', 'Androli', 'vandroli2g@symantec.com', '605-770-0242', '2025/03/18', 'G');
insert into store_customer (id, first_name, last_name, email, phone, birth_date, membership) values (90, 'Abra', 'Gove', 'agove2h@studiopress.com', '686-765-9713', '2025/03/26', 'B');
insert into store_customer (id, first_name, last_name, email, phone, birth_date, membership) values (91, 'Emilie', 'Stutely', 'estutely2i@51.la', '896-802-4005', '2025/10/04', 'B');
insert into store_customer (id, first_name, last_name, email, phone, birth_date, membership) values (92, 'Maryellen', 'Elfleet', 'melfleet2j@noaa.gov', '724-429-2786', '2025/07/01', 'G');
insert into store_customer (id, first_name, last_name, email, phone, birth_date, membership) values (93, 'Crichton', 'Ende', 'cende2k@infoseek.co.jp', '143-373-7451', '2025/05/04', 'S');
insert into store_customer (id, first_name, last_name, email, phone, birth_date, membership) values (94, 'Kelli', 'Heugle', 'kheugle2l@admin.ch', '415-507-5840', '2025/09/18', 'G');
insert into store_customer (id, first_name, last_name, email, phone, birth_date, membership) values (95, 'Davy', 'Wain', 'dwain2m@imageshack.us', '889-610-2248', '2025/10/29', 'G');
insert into store_customer (id, first_name, last_name, email, phone, birth_date, membership) values (96, 'Wiatt', 'Oldman', 'woldman2n@nationalgeographic.com', '301-924-7614', '2025/12/02', 'S');
insert into store_customer (id, first_name, last_name, email, phone, birth_date, membership) values (97, 'Brandie', 'Parbrook', 'bparbrook2o@bigcartel.com', '251-268-8726', '2025/09/30', 'S');
insert into store_customer (id, first_name, last_name, email, phone, birth_date, membership) values (98, 'Lizzy', 'Plaschke', 'lplaschke2p@unicef.org', '375-804-9403', '2025/08/05', 'B');
insert into store_customer (id, first_name, last_name, email, phone, birth_date, membership) values (99, 'Trudi', 'Peile', 'tpeile2q@bravesites.com', '978-790-4926', '2025/07/04', 'S');
insert into store_customer (id, first_name, last_name, email, phone, birth_date, membership) values (100, 'Virginia', 'Aldersey', 'valdersey2r@nifty.com', '714-129-9292', '2026/01/01', 'G');
insert into store_customer (id, first_name, last_name, email, phone, birth_date, membership) values (101, 'Denny', 'Royse', 'droyse2s@hud.gov', '491-325-4969', '2025/03/24', 'S');
insert into store_customer (id, first_name, last_name, email, phone, birth_date, membership) values (102, 'Genovera', 'MacElholm', 'gmacelholm2t@skyrock.com', '679-832-7624', '2025/11/23', 'B');
insert into store_customer (id, first_name, last_name, email, phone, birth_date, membership) values (103, 'Gaby', 'Messum', 'gmessum2u@domainmarket.com', '237-168-6530', '2025/03/12', 'G');
insert into store_customer (id, first_name, last_name, email, phone, birth_date, membership) values (104, 'Doll', 'Wayper', 'dwayper2v@cnn.com', '285-184-7811', '2025/07/04', 'S');
insert into store_customer (id, first_name, last_name, email, phone, birth_date, membership) values (105, 'Daryl', 'Bracegirdle', 'dbracegirdle2w@instagram.com', '632-635-0893', '2025/08/13', 'G');
insert into store_customer (id, first_name, last_name, email, phone, birth_date, membership) values (106, 'Benedikta', 'Kinsman', 'bkinsman2x@slate.com', '968-641-5520', '2025/07/26', 'G');
insert into store_customer (id, first_name, last_name, email, phone, birth_date, membership) values (107, 'Ilyse', 'Burth', 'iburth2y@ifeng.com', '234-298-8779', '2025/03/08', 'B');
insert into store_customer (id, first_name, last_name, email, phone, birth_date, membership) values (108, 'Kristopher', 'Wingate', 'kwingate2z@de.vu', '443-668-3610', '2025/05/07', 'S');
insert into store_customer (id, first_name, last_name, email, phone, birth_date, membership) values (109, 'Sonnie', 'Minghella', 'sminghella30@google.fr', '699-678-2614', '2025/12/26', 'G');
insert into store_customer (id, first_name, last_name, email, phone, birth_date, membership) values (110, 'Zitella', 'Darrington', 'zdarrington31@patch.com', '276-683-6756', '2025/05/19', 'B');
insert into store_customer (id, first_name, last_name, email, phone, birth_date, membership) values (111, 'Harmonia', 'Tweede', 'htweede32@is.gd', '916-771-7915', '2025/02/11', 'S');
insert into store_customer (id, first_name, last_name, email, phone, birth_date, membership) values (112, 'Adolph', 'Splevings', 'asplevings33@diigo.com', '676-362-2302', '2025/05/03', 'B');
insert into store_customer (id, first_name, last_name, email, phone, birth_date, membership) values (113, 'Angel', 'Groarty', 'agroarty34@accuweather.com', '394-572-5576', '2025/12/19', 'G');
insert into store_customer (id, first_name, last_name, email, phone, birth_date, membership) values (114, 'Eolanda', 'Woodwin', 'ewoodwin35@bizjournals.com', '605-589-0204', '2025/02/09', 'G');
insert into store_customer (id, first_name, last_name, email, phone, birth_date, membership) values (115, 'Raffaello', 'Selwyn', 'rselwyn36@icio.us', '407-932-4547', '2025/05/22', 'S');
insert into store_customer (id, first_name, last_name, email, phone, birth_date, membership) values (116, 'Miriam', 'Mucklow', 'mmucklow37@bbc.co.uk', '999-639-2092', '2025/09/27', 'S');
insert into store_customer (id, first_name, last_name, email, phone, birth_date, membership) values (117, 'Malcolm', 'Fillis', 'mfillis38@ocn.ne.jp', '382-276-3977', '2025/04/02', 'G');
insert into store_customer (id, first_name, last_name, email, phone, birth_date, membership) values (118, 'Elisabet', 'Kinloch', 'ekinloch39@parallels.com', '998-720-4519', '2025/12/28', 'G');
insert into store_customer (id, first_name, last_name, email, phone, birth_date, membership) values (119, 'Tallou', 'Haimes', 'thaimes3a@blogs.com', '309-398-5240', '2025/11/10', 'B');
insert into store_customer (id, first_name, last_name, email, phone, birth_date, membership) values (120, 'Rickie', 'Zelner', 'rzelner3b@blogger.com', '267-915-9552', '2025/07/13', 'B');
insert into store_customer (id, first_name, last_name, email, phone, birth_date, membership) values (121, 'Sonnie', 'Huffa', 'shuffa3c@vkontakte.ru', '401-469-2598', '2025/10/04', 'S');
insert into store_customer (id, first_name, last_name, email, phone, birth_date, membership) values (122, 'Fawnia', 'Diemer', 'fdiemer3d@prnewswire.com', '848-976-8491', '2025/11/19', 'S');
insert into store_customer (id, first_name, last_name, email, phone, birth_date, membership) values (123, 'Chiarra', 'Gerardin', 'cgerardin3e@clickbank.net', '712-263-6491', '2025/05/21', 'S');
insert into store_customer (id, first_name, last_name, email, phone, birth_date, membership) values (124, 'Francklin', 'Braycotton', 'fbraycotton3f@washington.edu', '833-124-2972', '2025/12/01', 'S');
insert into store_customer (id, first_name, last_name, email, phone, birth_date, membership) values (125, 'Wallie', 'Pabelik', 'wpabelik3g@constantcontact.com', '720-121-9440', '2025/07/27', 'G');
insert into store_customer (id, first_name, last_name, email, phone, birth_date, membership) values (126, 'Esmaria', 'Hulme', 'ehulme3h@i2i.jp', '440-441-9201', '2025/12/31', 'B');
insert into store_customer (id, first_name, last_name, email, phone, birth_date, membership) values (127, 'Chariot', 'Sharpling', 'csharpling3i@infoseek.co.jp', '436-575-9836', '2025/02/24', 'G');
insert into store_customer (id, first_name, last_name, email, phone, birth_date, membership) values (128, 'Sybil', 'Dubique', 'sdubique3j@zimbio.com', '453-876-2072', '2025/02/21', 'G');
insert into store_customer (id, first_name, last_name, email, phone, birth_date, membership) values (129, 'Florenza', 'Tewkesbury.', 'ftewkesbury3k@independent.co.uk', '715-236-6164', '2025/09/11', 'B');
insert into store_customer (id, first_name, last_name, email, phone, birth_date, membership) values (130, 'Earlie', 'Jone', 'ejone3l@columbia.edu', '554-381-0700', '2025/10/25', 'S');
insert into store_customer (id, first_name, last_name, email, phone, birth_date, membership) values (131, 'Arlen', 'Mattingson', 'amattingson3m@disqus.com', '152-828-3653', '2025/03/10', 'S');
insert into store_customer (id, first_name, last_name, email, phone, birth_date, membership) values (132, 'Zarah', 'Chadd', 'zchadd3n@weibo.com', '642-155-6799', '2025/07/10', 'G');
insert into store_customer (id, first_name, last_name, email, phone, birth_date, membership) values (133, 'Nicol', 'Mallaby', 'nmallaby3o@360.cn', '532-730-8804', '2025/06/02', 'S');
insert into store_customer (id, first_name, last_name, email, phone, birth_date, membership) values (134, 'Moritz', 'Orto', 'morto3p@salon.com', '179-751-7297', '2026/01/10', 'B');
insert into store_customer (id, first_name, last_name, email, phone, birth_date, membership) values (135, 'Margaret', 'Brewett', 'mbrewett3q@senate.gov', '208-209-8624', '2025/04/05', 'G');
insert into store_customer (id, first_name, last_name, email, phone, birth_date, membership) values (136, 'Janette', 'Boullen', 'jboullen3r@reuters.com', '855-732-0728', '2025/08/14', 'G');
insert into store_customer (id, first_name, last_name, email, phone, birth_date, membership) values (137, 'Noe', 'Filochov', 'nfilochov3s@xinhuanet.com', '262-392-3081', '2025/05/06', 'B');
insert into store_customer (id, first_name, last_name, email, phone, birth_date, membership) values (138, 'Claudio', 'Vanstone', 'cvanstone3t@oakley.com', '815-397-4029', '2025/11/08', 'S');
insert into store_customer (id, first_name, last_name, email, phone, birth_date, membership) values (139, 'Dewey', 'Ames', 'dames3u@wiley.com', '195-219-3796', '2025/10/09', 'B');
insert into store_customer (id, first_name, last_name, email, phone, birth_date, membership) values (140, 'Denny', 'Hodgets', 'dhodgets3v@aol.com', '660-399-8226', '2025/04/21', 'G');
insert into store_customer (id, first_name, last_name, email, phone, birth_date, membership) values (141, 'Krystal', 'Newton', 'knewton3w@macromedia.com', '943-620-5696', '2025/05/06', 'S');
insert into store_customer (id, first_name, last_name, email, phone, birth_date, membership) values (142, 'Cosme', 'Snap', 'csnap3x@google.ca', '414-406-2691', '2025/11/09', 'G');
insert into store_customer (id, first_name, last_name, email, phone, birth_date, membership) values (143, 'Katuscha', 'Browne', 'kbrowne3y@cargocollective.com', '936-381-0554', '2025/02/22', 'B');
insert into store_customer (id, first_name, last_name, email, phone, birth_date, membership) values (144, 'Cher', 'Castro', 'ccastro3z@discuz.net', '915-915-0377', '2026/01/26', 'G');
insert into store_customer (id, first_name, last_name, email, phone, birth_date, membership) values (145, 'Rickey', 'Knapton', 'rknapton40@who.int', '121-365-9776', '2025/02/21', 'G');
insert into store_customer (id, first_name, last_name, email, phone, birth_date, membership) values (146, 'Mortimer', 'Craker', 'mcraker41@netvibes.com', '123-617-1311', '2025/08/04', 'S');
insert into store_customer (id, first_name, last_name, email, phone, birth_date, membership) values (147, 'Mannie', 'Shalliker', 'mshalliker42@cisco.com', '227-752-6765', '2025/06/06', 'B');
insert into store_customer (id, first_name, last_name, email, phone, birth_date, membership) values (148, 'Cameron', 'Haldin', 'chaldin43@howstuffworks.com', '113-668-4102', '2025/09/13', 'G');
insert into store_customer (id, first_name, last_name, email, phone, birth_date, membership) values (149, 'Marji', 'Elcock', 'melcock44@4shared.com', '136-356-7987', '2026/01/15', 'S');
insert into store_customer (id, first_name, last_name, email, phone, birth_date, membership) values (150, 'Leonie', 'Jefford', 'ljefford45@imageshack.us', '201-863-9098', '2025/06/28', 'S');
insert into store_customer (id, first_name, last_name, email, phone, birth_date, membership) values (151, 'Ronnie', 'Matchell', 'rmatchell46@addthis.com', '298-568-4278', '2026/01/27', 'G');
insert into store_customer (id, first_name, last_name, email, phone, birth_date, membership) values (152, 'Dorotea', 'Trenaman', 'dtrenaman47@berkeley.edu', '846-799-9293', '2025/06/24', 'S');
insert into store_customer (id, first_name, last_name, email, phone, birth_date, membership) values (153, 'Iver', 'Solley', 'isolley48@squidoo.com', '498-843-0207', '2025/11/06', 'S');
insert into store_customer (id, first_name, last_name, email, phone, birth_date, membership) values (154, 'Lezlie', 'Hawkswood', 'lhawkswood49@va.gov', '556-233-0649', '2025/05/09', 'G');
insert into store_customer (id, first_name, last_name, email, phone, birth_date, membership) values (155, 'Corene', 'Treacy', 'ctreacy4a@lulu.com', '778-726-6443', '2025/11/19', 'S');
insert into store_customer (id, first_name, last_name, email, phone, birth_date, membership) values (156, 'Bancroft', 'Cawt', 'bcawt4b@fotki.com', '480-585-1694', '2025/05/14', 'G');
insert into store_customer (id, first_name, last_name, email, phone, birth_date, membership) values (157, 'Orv', 'Ferrillio', 'oferrillio4c@chronoengine.com', '450-762-6954', '2025/06/17', 'S');
insert into store_customer (id, first_name, last_name, email, phone, birth_date, membership) values (158, 'Chas', 'Scrowton', 'cscrowton4d@jiathis.com', '711-491-0350', '2025/07/31', 'G');
insert into store_customer (id, first_name, last_name, email, phone, birth_date, membership) values (159, 'Jere', 'Cousen', 'jcousen4e@networksolutions.com', '299-273-2897', '2025/10/25', 'S');
insert into store_customer (id, first_name, last_name, email, phone, birth_date, membership) values (160, 'Orly', 'Gouldsmith', 'ogouldsmith4f@icio.us', '725-132-5032', '2025/12/27', 'G');
insert into store_customer (id, first_name, last_name, email, phone, birth_date, membership) values (161, 'Naomi', 'Hesey', 'nhesey4g@stanford.edu', '319-644-9170', '2025/10/13', 'B');
insert into store_customer (id, first_name, last_name, email, phone, birth_date, membership) values (162, 'Teddy', 'Peter', 'tpeter4h@mac.com', '809-795-1032', '2025/12/11', 'B');
insert into store_customer (id, first_name, last_name, email, phone, birth_date, membership) values (163, 'Mersey', 'Posen', 'mposen4i@com.com', '766-958-3361', '2026/01/20', 'S');
insert into store_customer (id, first_name, last_name, email, phone, birth_date, membership) values (164, 'Cathrin', 'Sergeant', 'csergeant4j@friendfeed.com', '432-277-9637', '2025/11/19', 'G');
insert into store_customer (id, first_name, last_name, email, phone, birth_date, membership) values (165, 'Larina', 'Austing', 'lausting4k@java.com', '792-569-4616', '2025/04/12', 'B');
insert into store_customer (id, first_name, last_name, email, phone, birth_date, membership) values (166, 'Flory', 'Bachs', 'fbachs4l@dyndns.org', '680-560-0935', '2025/06/20', 'G');
insert into store_customer (id, first_name, last_name, email, phone, birth_date, membership) values (167, 'Court', 'Crush', 'ccrush4m@1688.com', '713-414-7069', '2025/10/06', 'G');
insert into store_customer (id, first_name, last_name, email, phone, birth_date, membership) values (168, 'Blanca', 'Gallahue', 'bgallahue4n@vistaprint.com', '134-956-4978', '2025/02/04', 'G');
insert into store_customer (id, first_name, last_name, email, phone, birth_date, membership) values (169, 'Morrie', 'Kernley', 'mkernley4o@unesco.org', '881-984-5808', '2026/01/25', 'G');
insert into store_customer (id, first_name, last_name, email, phone, birth_date, membership) values (170, 'Sigrid', 'Ragles', 'sragles4p@illinois.edu', '404-344-8994', '2025/04/08', 'S');
insert into store_customer (id, first_name, last_name, email, phone, birth_date, membership) values (171, 'Joycelin', 'Ollington', 'jollington4q@php.net', '258-502-1659', '2025/10/05', 'G');
insert into store_customer (id, first_name, last_name, email, phone, birth_date, membership) values (172, 'Jeanie', 'Jeffes', 'jjeffes4r@jigsy.com', '516-742-7180', '2025/09/06', 'S');
insert into store_customer (id, first_name, last_name, email, phone, birth_date, membership) values (173, 'Alisander', 'Melby', 'amelby4s@geocities.jp', '626-914-9592', '2025/11/07', 'S');
insert into store_customer (id, first_name, last_name, email, phone, birth_date, membership) values (174, 'Adriane', 'Kerwood', 'akerwood4t@privacy.gov.au', '953-793-4121', '2025/06/23', 'G');
insert into store_customer (id, first_name, last_name, email, phone, birth_date, membership) values (175, 'Charity', 'Cantua', 'ccantua4u@wikia.com', '611-509-4401', '2025/08/06', 'S');
insert into store_customer (id, first_name, last_name, email, phone, birth_date, membership) values (176, 'Arabele', 'Crosfeld', 'acrosfeld4v@cdc.gov', '359-954-6998', '2025/07/12', 'B');
insert into store_customer (id, first_name, last_name, email, phone, birth_date, membership) values (177, 'Valentijn', 'MacDavitt', 'vmacdavitt4w@apache.org', '518-250-6122', '2025/09/07', 'G');
insert into store_customer (id, first_name, last_name, email, phone, birth_date, membership) values (178, 'Barry', 'Diloway', 'bdiloway4x@cdc.gov', '401-722-5549', '2025/08/11', 'G');
insert into store_customer (id, first_name, last_name, email, phone, birth_date, membership) values (179, 'Dyan', 'Goodhew', 'dgoodhew4y@jimdo.com', '716-917-6823', '2025/02/11', 'G');
insert into store_customer (id, first_name, last_name, email, phone, birth_date, membership) values (180, 'Odie', 'Sertin', 'osertin4z@com.com', '856-230-0753', '2025/12/02', 'G');
insert into store_customer (id, first_name, last_name, email, phone, birth_date, membership) values (181, 'Malia', 'Cody', 'mcody50@pinterest.com', '588-564-2782', '2025/08/16', 'S');
insert into store_customer (id, first_name, last_name, email, phone, birth_date, membership) values (182, 'Dominica', 'McNeillie', 'dmcneillie51@ft.com', '508-275-9933', '2025/05/26', 'S');
insert into store_customer (id, first_name, last_name, email, phone, birth_date, membership) values (183, 'Chloe', 'MacIver', 'cmaciver52@printfriendly.com', '651-594-3713', '2025/03/31', 'S');
insert into store_customer (id, first_name, last_name, email, phone, birth_date, membership) values (184, 'Risa', 'O''Connor', 'roconnor53@oakley.com', '520-626-8684', '2025/03/18', 'G');
insert into store_customer (id, first_name, last_name, email, phone, birth_date, membership) values (185, 'Yovonnda', 'Morin', 'ymorin54@pcworld.com', '328-112-2267', '2025/09/26', 'S');
insert into store_customer (id, first_name, last_name, email, phone, birth_date, membership) values (186, 'Dare', 'Chawner', 'dchawner55@icq.com', '941-440-2751', '2025/04/12', 'G');
insert into store_customer (id, first_name, last_name, email, phone, birth_date, membership) values (187, 'Kati', 'Stanbridge', 'kstanbridge56@wp.com', '141-628-7806', '2025/05/23', 'G');
insert into store_customer (id, first_name, last_name, email, phone, birth_date, membership) values (188, 'Joby', 'Hagwood', 'jhagwood57@weebly.com', '451-589-7735', '2025/04/10', 'B');
insert into store_customer (id, first_name, last_name, email, phone, birth_date, membership) values (189, 'Alla', 'Moggach', 'amoggach58@wikia.com', '303-597-8300', '2025/11/19', 'B');
insert into store_customer (id, first_name, last_name, email, phone, birth_date, membership) values (190, 'Dayna', 'Fenck', 'dfenck59@abc.net.au', '662-285-5250', '2025/06/22', 'S');
insert into store_customer (id, first_name, last_name, email, phone, birth_date, membership) values (191, 'Kelcy', 'Mateo', 'kmateo5a@dot.gov', '431-878-7111', '2025/09/05', 'B');
insert into store_customer (id, first_name, last_name, email, phone, birth_date, membership) values (192, 'Carlos', 'Ference', 'cference5b@baidu.com', '361-865-9581', '2025/11/16', 'S');
insert into store_customer (id, first_name, last_name, email, phone, birth_date, membership) values (193, 'Tani', 'Wanjek', 'twanjek5c@hibu.com', '929-578-7820', '2025/06/29', 'G');
insert into store_customer (id, first_name, last_name, email, phone, birth_date, membership) values (194, 'Leeanne', 'Johnston', 'ljohnston5d@accuweather.com', '691-578-9985', '2025/07/29', 'B');
insert into store_customer (id, first_name, last_name, email, phone, birth_date, membership) values (195, 'Maxwell', 'MacCumeskey', 'mmaccumeskey5e@fda.gov', '307-237-1255', '2025/02/05', 'B');
insert into store_customer (id, first_name, last_name, email, phone, birth_date, membership) values (196, 'Reidar', 'Muldoon', 'rmuldoon5f@eepurl.com', '223-612-7381', '2025/09/06', 'B');
insert into store_customer (id, first_name, last_name, email, phone, birth_date, membership) values (197, 'Louis', 'Cuolahan', 'lcuolahan5g@nih.gov', '209-905-8043', '2025/06/11', 'S');
insert into store_customer (id, first_name, last_name, email, phone, birth_date, membership) values (198, 'Ursa', 'Fielding', 'ufielding5h@census.gov', '762-647-6330', '2025/02/10', 'G');
insert into store_customer (id, first_name, last_name, email, phone, birth_date, membership) values (199, 'Teresita', 'Heaney', 'theaney5i@seattletimes.com', '350-894-4996', '2025/07/09', 'B');
insert into store_customer (id, first_name, last_name, email, phone, birth_date, membership) values (200, 'Marylynne', 'Clitheroe', 'mclitheroe5j@exblog.jp', '605-738-6944', '2026/01/17', 'G');
insert into store_customer (id, first_name, last_name, email, phone, birth_date, membership) values (201, 'Tony', 'Agerskow', 'tagerskow5k@hp.com', '477-801-0245', '2025/02/06', 'S');
insert into store_customer (id, first_name, last_name, email, phone, birth_date, membership) values (202, 'Iorgo', 'Shephard', 'ishephard5l@delicious.com', '183-942-9526', '2025/12/14', 'G');
insert into store_customer (id, first_name, last_name, email, phone, birth_date, membership) values (203, 'Dasie', 'Calender', 'dcalender5m@squidoo.com', '908-355-5175', '2025/08/26', 'B');
insert into store_customer (id, first_name, last_name, email, phone, birth_date, membership) values (204, 'Dorelle', 'Bushell', 'dbushell5n@liveinternet.ru', '315-375-3626', '2025/09/30', 'G');
insert into store_customer (id, first_name, last_name, email, phone, birth_date, membership) values (205, 'Way', 'Hixson', 'whixson5o@youtube.com', '146-447-5356', '2025/06/03', 'B');
insert into store_customer (id, first_name, last_name, email, phone, birth_date, membership) values (206, 'Edan', 'Snartt', 'esnartt5p@fema.gov', '539-701-2047', '2025/09/14', 'G');
insert into store_customer (id, first_name, last_name, email, phone, birth_date, membership) values (207, 'Morie', 'Brolly', 'mbrolly5q@xing.com', '475-376-9321', '2025/03/30', 'G');
insert into store_customer (id, first_name, last_name, email, phone, birth_date, membership) values (208, 'Sonnie', 'Benns', 'sbenns5r@yelp.com', '171-463-8826', '2025/07/30', 'S');
insert into store_customer (id, first_name, last_name, email, phone, birth_date, membership) values (209, 'Diena', 'McDougle', 'dmcdougle5s@kickstarter.com', '368-198-7198', '2025/02/19', 'G');
insert into store_customer (id, first_name, last_name, email, phone, birth_date, membership) values (210, 'Candace', 'Whitticks', 'cwhitticks5t@merriam-webster.com', '626-710-9930', '2026/01/17', 'S');
insert into store_customer (id, first_name, last_name, email, phone, birth_date, membership) values (211, 'Farrel', 'Esh', 'fesh5u@fastcompany.com', '168-481-5401', '2025/09/23', 'S');
insert into store_customer (id, first_name, last_name, email, phone, birth_date, membership) values (212, 'Wald', 'Greser', 'wgreser5v@census.gov', '318-260-2225', '2025/12/07', 'S');
insert into store_customer (id, first_name, last_name, email, phone, birth_date, membership) values (213, 'Aurore', 'Stammers', 'astammers5w@artisteer.com', '991-240-7086', '2025/10/24', 'G');
insert into store_customer (id, first_name, last_name, email, phone, birth_date, membership) values (214, 'Harcourt', 'Janecki', 'hjanecki5x@netscape.com', '622-240-9646', '2026/01/19', 'G');
insert into store_customer (id, first_name, last_name, email, phone, birth_date, membership) values (215, 'Nelly', 'Argontt', 'nargontt5y@godaddy.com', '659-995-7313', '2025/12/29', 'B');
insert into store_customer (id, first_name, last_name, email, phone, birth_date, membership) values (216, 'Palm', 'Coultass', 'pcoultass5z@printfriendly.com', '908-887-0530', '2026/01/19', 'S');
insert into store_customer (id, first_name, last_name, email, phone, birth_date, membership) values (217, 'Killy', 'Marti', 'kmarti60@addthis.com', '918-439-8942', '2025/04/22', 'G');
insert into store_customer (id, first_name, last_name, email, phone, birth_date, membership) values (218, 'Dasi', 'Gladdis', 'dgladdis61@ucoz.com', '360-877-6725', '2025/12/16', 'G');
insert into store_customer (id, first_name, last_name, email, phone, birth_date, membership) values (219, 'Georgina', 'Stretton', 'gstretton62@aboutads.info', '381-263-4629', '2025/03/11', 'S');
insert into store_customer (id, first_name, last_name, email, phone, birth_date, membership) values (220, 'Natalina', 'Jovovic', 'njovovic63@unesco.org', '229-379-0806', '2025/08/16', 'B');
insert into store_customer (id, first_name, last_name, email, phone, birth_date, membership) values (221, 'Coralyn', 'Sier', 'csier64@howstuffworks.com', '694-951-2054', '2026/01/21', 'G');
insert into store_customer (id, first_name, last_name, email, phone, birth_date, membership) values (222, 'Kelvin', 'Boggas', 'kboggas65@pen.io', '679-800-8744', '2026/01/17', 'B');
insert into store_customer (id, first_name, last_name, email, phone, birth_date, membership) values (223, 'Delmar', 'Brigshaw', 'dbrigshaw66@marketwatch.com', '257-484-0677', '2026/01/28', 'G');
insert into store_customer (id, first_name, last_name, email, phone, birth_date, membership) values (224, 'Padraic', 'Ellwand', 'pellwand67@nhs.uk', '458-179-9487', '2025/07/31', 'G');
insert into store_customer (id, first_name, last_name, email, phone, birth_date, membership) values (225, 'Niall', 'Hehir', 'nhehir68@godaddy.com', '633-549-4613', '2025/07/02', 'S');
insert into store_customer (id, first_name, last_name, email, phone, birth_date, membership) values (226, 'Kayla', 'Bruyet', 'kbruyet69@ed.gov', '252-122-0754', '2025/04/13', 'B');
insert into store_customer (id, first_name, last_name, email, phone, birth_date, membership) values (227, 'Von', 'Knotton', 'vknotton6a@trellian.com', '512-613-3086', '2025/05/14', 'S');
insert into store_customer (id, first_name, last_name, email, phone, birth_date, membership) values (228, 'Milly', 'Marten', 'mmarten6b@nationalgeographic.com', '179-551-1016', '2025/02/06', 'S');
insert into store_customer (id, first_name, last_name, email, phone, birth_date, membership) values (229, 'Kenny', 'Cleary', 'kcleary6c@furl.net', '798-207-7362', '2025/10/17', 'G');
insert into store_customer (id, first_name, last_name, email, phone, birth_date, membership) values (230, 'Fanny', 'Tracey', 'ftracey6d@baidu.com', '949-818-8471', '2025/12/21', 'G');
insert into store_customer (id, first_name, last_name, email, phone, birth_date, membership) values (231, 'Henry', 'Bransgrove', 'hbransgrove6e@etsy.com', '491-375-2170', '2025/11/25', 'S');
insert into store_customer (id, first_name, last_name, email, phone, birth_date, membership) values (232, 'Gare', 'Gronous', 'ggronous6f@mapquest.com', '520-177-5517', '2025/06/25', 'S');
insert into store_customer (id, first_name, last_name, email, phone, birth_date, membership) values (233, 'Ursula', 'Meah', 'umeah6g@prlog.org', '748-960-1062', '2025/12/15', 'G');
insert into store_customer (id, first_name, last_name, email, phone, birth_date, membership) values (234, 'Nickey', 'Godthaab', 'ngodthaab6h@rambler.ru', '169-933-2686', '2025/04/03', 'B');
insert into store_customer (id, first_name, last_name, email, phone, birth_date, membership) values (235, 'Haleigh', 'Alcorn', 'halcorn6i@wired.com', '625-149-3499', '2025/12/24', 'G');
insert into store_customer (id, first_name, last_name, email, phone, birth_date, membership) values (236, 'Eloisa', 'Ianno', 'eianno6j@nhs.uk', '273-366-1090', '2025/12/02', 'B');
insert into store_customer (id, first_name, last_name, email, phone, birth_date, membership) values (237, 'Cathryn', 'Terrey', 'cterrey6k@youku.com', '581-227-9931', '2025/07/07', 'S');
insert into store_customer (id, first_name, last_name, email, phone, birth_date, membership) values (238, 'Karie', 'Valti', 'kvalti6l@merriam-webster.com', '614-410-4567', '2025/12/06', 'G');
insert into store_customer (id, first_name, last_name, email, phone, birth_date, membership) values (239, 'Flora', 'Staggs', 'fstaggs6m@dmoz.org', '655-607-4076', '2025/03/14', 'S');
insert into store_customer (id, first_name, last_name, email, phone, birth_date, membership) values (240, 'Gene', 'L''Homme', 'glhomme6n@telegraph.co.uk', '838-657-9684', '2025/06/21', 'G');
insert into store_customer (id, first_name, last_name, email, phone, birth_date, membership) values (241, 'Gert', 'Pharrow', 'gpharrow6o@state.tx.us', '669-407-7500', '2026/01/09', 'S');
insert into store_customer (id, first_name, last_name, email, phone, birth_date, membership) values (242, 'Sal', 'Hiley', 'shiley6p@hibu.com', '106-644-4038', '2025/04/24', 'S');
insert into store_customer (id, first_name, last_name, email, phone, birth_date, membership) values (243, 'Massimiliano', 'Schofield', 'mschofield6q@ox.ac.uk', '201-402-8176', '2025/04/21', 'S');
insert into store_customer (id, first_name, last_name, email, phone, birth_date, membership) values (244, 'Pauly', 'Mulholland', 'pmulholland6r@mit.edu', '508-904-9585', '2025/05/18', 'B');
insert into store_customer (id, first_name, last_name, email, phone, birth_date, membership) values (245, 'Roseline', 'Haycroft', 'rhaycroft6s@washington.edu', '306-386-1678', '2025/11/21', 'S');
insert into store_customer (id, first_name, last_name, email, phone, birth_date, membership) values (246, 'Mathe', 'Youles', 'myoules6t@vimeo.com', '538-132-1820', '2025/09/22', 'G');
insert into store_customer (id, first_name, last_name, email, phone, birth_date, membership) values (247, 'Sascha', 'Cardenoso', 'scardenoso6u@themeforest.net', '159-435-3014', '2026/01/16', 'G');
insert into store_customer (id, first_name, last_name, email, phone, birth_date, membership) values (248, 'Ardeen', 'McMains', 'amcmains6v@phoca.cz', '922-315-4867', '2026/01/19', 'S');
insert into store_customer (id, first_name, last_name, email, phone, birth_date, membership) values (249, 'Kaitlynn', 'Bonsey', 'kbonsey6w@yale.edu', '645-108-9511', '2025/10/25', 'B');
insert into store_customer (id, first_name, last_name, email, phone, birth_date, membership) values (250, 'Philipa', 'Jandak', 'pjandak6x@hugedomains.com', '592-733-4421', '2025/04/11', 'S');
insert into store_customer (id, first_name, last_name, email, phone, birth_date, membership) values (251, 'Lowrance', 'Whitwell', 'lwhitwell6y@chicagotribune.com', '456-982-9395', '2025/03/01', 'B');
insert into store_customer (id, first_name, last_name, email, phone, birth_date, membership) values (252, 'Petra', 'Cooksley', 'pcooksley6z@cdbaby.com', '592-175-9402', '2025/05/19', 'G');
insert into store_customer (id, first_name, last_name, email, phone, birth_date, membership) values (253, 'Urson', 'Tingley', 'utingley70@nih.gov', '788-501-1889', '2025/08/27', 'G');
insert into store_customer (id, first_name, last_name, email, phone, birth_date, membership) values (254, 'Lona', 'Stroulger', 'lstroulger71@addthis.com', '945-383-3755', '2026/01/19', 'S');
insert into store_customer (id, first_name, last_name, email, phone, birth_date, membership) values (255, 'Maje', 'Abela', 'mabela72@aol.com', '462-704-9107', '2025/12/06', 'S');
insert into store_customer (id, first_name, last_name, email, phone, birth_date, membership) values (256, 'Mathilde', 'Mulrooney', 'mmulrooney73@va.gov', '503-194-6293', '2025/10/24', 'G');
insert into store_customer (id, first_name, last_name, email, phone, birth_date, membership) values (257, 'Lira', 'Bark', 'lbark74@cbslocal.com', '449-270-5955', '2025/06/09', 'G');
insert into store_customer (id, first_name, last_name, email, phone, birth_date, membership) values (258, 'Cathrine', 'Kirimaa', 'ckirimaa75@dmoz.org', '372-484-2744', '2025/10/01', 'B');
insert into store_customer (id, first_name, last_name, email, phone, birth_date, membership) values (259, 'Marjorie', 'Pattenden', 'mpattenden76@yellowpages.com', '141-635-3823', '2025/12/27', 'S');
insert into store_customer (id, first_name, last_name, email, phone, birth_date, membership) values (260, 'Conny', 'Ings', 'cings77@un.org', '240-673-1186', '2025/04/23', 'S');
insert into store_customer (id, first_name, last_name, email, phone, birth_date, membership) values (261, 'Audre', 'Lawson', 'alawson78@gnu.org', '645-198-6680', '2025/12/14', 'G');
insert into store_customer (id, first_name, last_name, email, phone, birth_date, membership) values (262, 'Dan', 'Brandon', 'dbrandon79@harvard.edu', '830-249-6766', '2025/10/24', 'S');
insert into store_customer (id, first_name, last_name, email, phone, birth_date, membership) values (263, 'Winny', 'Sorrie', 'wsorrie7a@gizmodo.com', '995-191-8302', '2025/12/18', 'B');
insert into store_customer (id, first_name, last_name, email, phone, birth_date, membership) values (264, 'Anne-corinne', 'Whenham', 'awhenham7b@domainmarket.com', '470-550-2400', '2025/07/17', 'S');
insert into store_customer (id, first_name, last_name, email, phone, birth_date, membership) values (265, 'Perren', 'Corder', 'pcorder7c@bloglines.com', '430-871-7951', '2025/06/07', 'S');
insert into store_customer (id, first_name, last_name, email, phone, birth_date, membership) values (266, 'Carson', 'Denford', 'cdenford7d@github.com', '507-674-6996', '2025/02/12', 'B');
insert into store_customer (id, first_name, last_name, email, phone, birth_date, membership) values (267, 'Junie', 'Newtown', 'jnewtown7e@deliciousdays.com', '734-797-6845', '2025/06/06', 'S');
insert into store_customer (id, first_name, last_name, email, phone, birth_date, membership) values (268, 'Sylvester', 'Grimsdith', 'sgrimsdith7f@pen.io', '594-431-5598', '2025/09/12', 'S');
insert into store_customer (id, first_name, last_name, email, phone, birth_date, membership) values (269, 'Tanny', 'Midner', 'tmidner7g@usatoday.com', '541-393-9813', '2025/08/24', 'G');
insert into store_customer (id, first_name, last_name, email, phone, birth_date, membership) values (270, 'Keely', 'Shawley', 'kshawley7h@mediafire.com', '329-357-9052', '2026/01/13', 'G');
insert into store_customer (id, first_name, last_name, email, phone, birth_date, membership) values (271, 'Travers', 'Gross', 'tgross7i@github.io', '445-152-4268', '2025/09/03', 'G');
insert into store_customer (id, first_name, last_name, email, phone, birth_date, membership) values (272, 'Prudi', 'Karim', 'pkarim7j@boston.com', '601-238-1112', '2025/10/29', 'G');
insert into store_customer (id, first_name, last_name, email, phone, birth_date, membership) values (273, 'Phyllys', 'Goudie', 'pgoudie7k@businessweek.com', '106-574-9742', '2025/02/11', 'S');
insert into store_customer (id, first_name, last_name, email, phone, birth_date, membership) values (274, 'Valentino', 'Ickovitz', 'vickovitz7l@bbc.co.uk', '408-919-4113', '2025/10/23', 'B');
insert into store_customer (id, first_name, last_name, email, phone, birth_date, membership) values (275, 'Odelle', 'Ruddoch', 'oruddoch7m@shareasale.com', '331-779-1255', '2026/01/07', 'G');
insert into store_customer (id, first_name, last_name, email, phone, birth_date, membership) values (276, 'Skippie', 'Marritt', 'smarritt7n@wix.com', '593-647-1094', '2025/10/22', 'B');
insert into store_customer (id, first_name, last_name, email, phone, birth_date, membership) values (277, 'Brittney', 'McNeish', 'bmcneish7o@china.com.cn', '397-355-7208', '2025/10/19', 'S');
insert into store_customer (id, first_name, last_name, email, phone, birth_date, membership) values (278, 'Nikki', 'Prattin', 'nprattin7p@goo.gl', '659-409-6749', '2025/02/11', 'S');
insert into store_customer (id, first_name, last_name, email, phone, birth_date, membership) values (279, 'Shermy', 'Stickler', 'sstickler7q@cpanel.net', '375-354-6236', '2025/03/17', 'S');
insert into store_customer (id, first_name, last_name, email, phone, birth_date, membership) values (280, 'Corney', 'Brunnen', 'cbrunnen7r@altervista.org', '711-282-3760', '2025/03/25', 'G');
insert into store_customer (id, first_name, last_name, email, phone, birth_date, membership) values (281, 'Addy', 'Rickeard', 'arickeard7s@a8.net', '314-763-0501', '2025/06/20', 'B');
insert into store_customer (id, first_name, last_name, email, phone, birth_date, membership) values (282, 'Myca', 'Cleef', 'mcleef7t@shareasale.com', '865-752-8188', '2025/05/30', 'S');
insert into store_customer (id, first_name, last_name, email, phone, birth_date, membership) values (283, 'Alvin', 'Kirkpatrick', 'akirkpatrick7u@hibu.com', '931-976-7709', '2025/06/07', 'B');
insert into store_customer (id, first_name, last_name, email, phone, birth_date, membership) values (284, 'Tammara', 'Gunston', 'tgunston7v@admin.ch', '320-266-7888', '2025/12/09', 'S');
insert into store_customer (id, first_name, last_name, email, phone, birth_date, membership) values (285, 'Currie', 'Vasin', 'cvasin7w@time.com', '290-542-8061', '2025/12/02', 'B');
insert into store_customer (id, first_name, last_name, email, phone, birth_date, membership) values (286, 'Katleen', 'Teodorski', 'kteodorski7x@biblegateway.com', '337-421-8392', '2025/06/13', 'B');
insert into store_customer (id, first_name, last_name, email, phone, birth_date, membership) values (287, 'Rickert', 'Faherty', 'rfaherty7y@artisteer.com', '687-244-4427', '2025/04/02', 'G');
insert into store_customer (id, first_name, last_name, email, phone, birth_date, membership) values (288, 'Wyatt', 'Yoell', 'wyoell7z@wikispaces.com', '497-360-3114', '2025/03/30', 'G');
insert into store_customer (id, first_name, last_name, email, phone, birth_date, membership) values (289, 'Bernardine', 'Petschelt', 'bpetschelt80@ucsd.edu', '524-335-8353', '2025/07/17', 'G');
insert into store_customer (id, first_name, last_name, email, phone, birth_date, membership) values (290, 'Rayshell', 'Poyzer', 'rpoyzer81@globo.com', '768-542-6810', '2025/02/08', 'B');
insert into store_customer (id, first_name, last_name, email, phone, birth_date, membership) values (291, 'Camella', 'Grimme', 'cgrimme82@china.com.cn', '644-652-1494', '2025/11/06', 'B');
insert into store_customer (id, first_name, last_name, email, phone, birth_date, membership) values (292, 'Wade', 'Stickells', 'wstickells83@yelp.com', '975-297-6350', '2025/09/20', 'B');
insert into store_customer (id, first_name, last_name, email, phone, birth_date, membership) values (293, 'Darda', 'Macia', 'dmacia84@photobucket.com', '745-536-9533', '2025/12/24', 'S');
insert into store_customer (id, first_name, last_name, email, phone, birth_date, membership) values (294, 'Mychal', 'Cammocke', 'mcammocke85@washingtonpost.com', '216-399-1355', '2025/05/12', 'B');
insert into store_customer (id, first_name, last_name, email, phone, birth_date, membership) values (295, 'Corabella', 'Drayn', 'cdrayn86@hp.com', '922-959-6352', '2025/07/14', 'B');
insert into store_customer (id, first_name, last_name, email, phone, birth_date, membership) values (296, 'Holly', 'Desquesnes', 'hdesquesnes87@ycombinator.com', '428-660-6589', '2025/06/04', 'B');
insert into store_customer (id, first_name, last_name, email, phone, birth_date, membership) values (297, 'Ulrica', 'Raysdale', 'uraysdale88@yellowpages.com', '256-605-5811', '2025/12/25', 'B');
insert into store_customer (id, first_name, last_name, email, phone, birth_date, membership) values (298, 'Celia', 'Casaccia', 'ccasaccia89@dailymotion.com', '248-631-9098', '2025/08/06', 'B');
insert into store_customer (id, first_name, last_name, email, phone, birth_date, membership) values (299, 'Alaster', 'Annott', 'aannott8a@fc2.com', '959-722-8448', '2025/11/25', 'G');
insert into store_customer (id, first_name, last_name, email, phone, birth_date, membership) values (300, 'Sigismond', 'Brigden', 'sbrigden8b@dailymotion.com', '393-889-6662', '2025/02/24', 'B');
insert into store_customer (id, first_name, last_name, email, phone, birth_date, membership) values (301, 'Juanita', 'Waslin', 'jwaslin8c@un.org', '728-842-5831', '2026/01/28', 'G');
insert into store_customer (id, first_name, last_name, email, phone, birth_date, membership) values (302, 'Lindsey', 'D''Alesio', 'ldalesio8d@a8.net', '768-343-2076', '2025/04/30', 'G');
insert into store_customer (id, first_name, last_name, email, phone, birth_date, membership) values (303, 'Giselle', 'Dumphrey', 'gdumphrey8e@who.int', '613-381-7936', '2025/12/23', 'S');
insert into store_customer (id, first_name, last_name, email, phone, birth_date, membership) values (304, 'Levey', 'Mathivon', 'lmathivon8f@apache.org', '287-383-9281', '2025/09/05', 'B');
insert into store_customer (id, first_name, last_name, email, phone, birth_date, membership) values (305, 'Donal', 'Enrico', 'denrico8g@adobe.com', '859-207-2471', '2025/03/21', 'G');
insert into store_customer (id, first_name, last_name, email, phone, birth_date, membership) values (306, 'Adella', 'Gerber', 'agerber8h@imgur.com', '658-716-2982', '2025/03/31', 'G');
insert into store_customer (id, first_name, last_name, email, phone, birth_date, membership) values (307, 'Corabelle', 'Liddicoat', 'cliddicoat8i@xrea.com', '652-267-5447', '2025/05/05', 'B');
insert into store_customer (id, first_name, last_name, email, phone, birth_date, membership) values (308, 'Aimil', 'Bickerdike', 'abickerdike8j@freewebs.com', '615-692-9855', '2025/09/18', 'G');
insert into store_customer (id, first_name, last_name, email, phone, birth_date, membership) values (309, 'Darla', 'Shireff', 'dshireff8k@qq.com', '535-981-5073', '2025/11/17', 'B');
insert into store_customer (id, first_name, last_name, email, phone, birth_date, membership) values (310, 'Gwyneth', 'Cloonan', 'gcloonan8l@rakuten.co.jp', '659-228-7561', '2025/07/14', 'S');
insert into store_customer (id, first_name, last_name, email, phone, birth_date, membership) values (311, 'Maurise', 'Lofty', 'mlofty8m@deviantart.com', '576-372-6706', '2025/09/26', 'G');
insert into store_customer (id, first_name, last_name, email, phone, birth_date, membership) values (312, 'Leonardo', 'Elijahu', 'lelijahu8n@squidoo.com', '333-668-7810', '2025/03/30', 'B');
insert into store_customer (id, first_name, last_name, email, phone, birth_date, membership) values (313, 'Minna', 'Ticksall', 'mticksall8o@delicious.com', '430-506-0099', '2025/10/08', 'S');
insert into store_customer (id, first_name, last_name, email, phone, birth_date, membership) values (314, 'Gipsy', 'Mattiacci', 'gmattiacci8p@histats.com', '334-465-1561', '2025/05/18', 'B');
insert into store_customer (id, first_name, last_name, email, phone, birth_date, membership) values (315, 'Cristian', 'Hawking', 'chawking8q@is.gd', '757-236-4033', '2025/08/16', 'B');
insert into store_customer (id, first_name, last_name, email, phone, birth_date, membership) values (316, 'Babb', 'Greatham', 'bgreatham8r@independent.co.uk', '719-340-4024', '2026/01/26', 'G');
insert into store_customer (id, first_name, last_name, email, phone, birth_date, membership) values (317, 'Margi', 'Lennon', 'mlennon8s@lycos.com', '700-457-8461', '2025/07/10', 'S');
insert into store_customer (id, first_name, last_name, email, phone, birth_date, membership) values (318, 'Tybi', 'Schoales', 'tschoales8t@csmonitor.com', '863-157-0809', '2025/02/25', 'B');
insert into store_customer (id, first_name, last_name, email, phone, birth_date, membership) values (319, 'Maurizia', 'Binns', 'mbinns8u@goo.ne.jp', '849-708-7471', '2025/08/02', 'G');
insert into store_customer (id, first_name, last_name, email, phone, birth_date, membership) values (320, 'Libbey', 'Chmiel', 'lchmiel8v@cbsnews.com', '669-453-0056', '2025/11/07', 'S');
insert into store_customer (id, first_name, last_name, email, phone, birth_date, membership) values (321, 'Chelsea', 'Hun', 'chun8w@digg.com', '689-293-1685', '2025/11/14', 'B');
insert into store_customer (id, first_name, last_name, email, phone, birth_date, membership) values (322, 'Jewel', 'Eastope', 'jeastope8x@toplist.cz', '535-664-7642', '2025/03/28', 'B');
insert into store_customer (id, first_name, last_name, email, phone, birth_date, membership) values (323, 'Hercules', 'Huntington', 'hhuntington8y@goo.gl', '256-328-0683', '2025/03/22', 'S');
insert into store_customer (id, first_name, last_name, email, phone, birth_date, membership) values (324, 'Mace', 'Utterson', 'mutterson8z@mashable.com', '773-978-4556', '2025/02/22', 'G');
insert into store_customer (id, first_name, last_name, email, phone, birth_date, membership) values (325, 'Wynne', 'Ransome', 'wransome90@washington.edu', '315-647-6258', '2025/12/07', 'B');
insert into store_customer (id, first_name, last_name, email, phone, birth_date, membership) values (326, 'Damara', 'Earlam', 'dearlam91@ftc.gov', '272-696-7393', '2025/08/06', 'S');
insert into store_customer (id, first_name, last_name, email, phone, birth_date, membership) values (327, 'Flora', 'Hitzke', 'fhitzke92@icq.com', '308-864-4997', '2025/08/24', 'G');
insert into store_customer (id, first_name, last_name, email, phone, birth_date, membership) values (328, 'Ryun', 'Gajownik', 'rgajownik93@webs.com', '762-810-2544', '2025/07/20', 'B');
insert into store_customer (id, first_name, last_name, email, phone, birth_date, membership) values (329, 'Hildegarde', 'Withull', 'hwithull94@issuu.com', '816-811-1624', '2025/07/06', 'S');
insert into store_customer (id, first_name, last_name, email, phone, birth_date, membership) values (330, 'Maximo', 'Banbrook', 'mbanbrook95@archive.org', '773-619-6760', '2025/07/17', 'B');
insert into store_customer (id, first_name, last_name, email, phone, birth_date, membership) values (331, 'Bourke', 'Schimke', 'bschimke96@google.it', '809-589-8862', '2025/07/28', 'G');
insert into store_customer (id, first_name, last_name, email, phone, birth_date, membership) values (332, 'Xavier', 'Champ', 'xchamp97@about.me', '123-747-7060', '2025/10/05', 'B');
insert into store_customer (id, first_name, last_name, email, phone, birth_date, membership) values (333, 'Phyllis', 'Welds', 'pwelds98@soup.io', '339-928-1753', '2025/03/19', 'S');
insert into store_customer (id, first_name, last_name, email, phone, birth_date, membership) values (334, 'Chaddy', 'Maryott', 'cmaryott99@cpanel.net', '167-525-5133', '2025/04/30', 'S');
insert into store_customer (id, first_name, last_name, email, phone, birth_date, membership) values (335, 'Fina', 'Sewart', 'fsewart9a@ca.gov', '371-123-4308', '2025/09/03', 'G');
insert into store_customer (id, first_name, last_name, email, phone, birth_date, membership) values (336, 'Mauricio', 'Astbery', 'mastbery9b@ebay.com', '217-583-7757', '2026/01/06', 'B');
insert into store_customer (id, first_name, last_name, email, phone, birth_date, membership) values (337, 'Matilda', 'MacKaile', 'mmackaile9c@unblog.fr', '362-594-6195', '2025/11/28', 'S');
insert into store_customer (id, first_name, last_name, email, phone, birth_date, membership) values (338, 'Fionna', 'McWhinnie', 'fmcwhinnie9d@mozilla.com', '658-516-5749', '2025/11/20', 'G');
insert into store_customer (id, first_name, last_name, email, phone, birth_date, membership) values (339, 'Gael', 'Rosentholer', 'grosentholer9e@ebay.com', '879-378-1982', '2025/08/31', 'S');
insert into store_customer (id, first_name, last_name, email, phone, birth_date, membership) values (340, 'Chanda', 'Bradberry', 'cbradberry9f@phpbb.com', '695-291-0789', '2025/10/03', 'S');
insert into store_customer (id, first_name, last_name, email, phone, birth_date, membership) values (341, 'Garner', 'Antill', 'gantill9g@cpanel.net', '482-273-7358', '2025/04/02', 'S');
insert into store_customer (id, first_name, last_name, email, phone, birth_date, membership) values (342, 'Stanly', 'Hallgalley', 'shallgalley9h@addthis.com', '863-628-8729', '2025/05/17', 'S');
insert into store_customer (id, first_name, last_name, email, phone, birth_date, membership) values (343, 'Harper', 'Mcimmie', 'hmcimmie9i@yandex.ru', '927-274-7052', '2025/08/28', 'G');
insert into store_customer (id, first_name, last_name, email, phone, birth_date, membership) values (344, 'Lorena', 'Hucker', 'lhucker9j@yahoo.com', '658-247-8299', '2025/11/01', 'B');
insert into store_customer (id, first_name, last_name, email, phone, birth_date, membership) values (345, 'Pauly', 'Moulin', 'pmoulin9k@washingtonpost.com', '174-791-9084', '2025/06/17', 'G');
insert into store_customer (id, first_name, last_name, email, phone, birth_date, membership) values (346, 'Caron', 'Bertot', 'cbertot9l@miitbeian.gov.cn', '679-640-4407', '2025/02/11', 'G');
insert into store_customer (id, first_name, last_name, email, phone, birth_date, membership) values (347, 'Car', 'Prime', 'cprime9m@networkadvertising.org', '660-232-3424', '2025/10/16', 'S');
insert into store_customer (id, first_name, last_name, email, phone, birth_date, membership) values (348, 'Chandra', 'Ankrett', 'cankrett9n@irs.gov', '536-337-5556', '2025/05/25', 'S');
insert into store_customer (id, first_name, last_name, email, phone, birth_date, membership) values (349, 'Enrika', 'Lygoe', 'elygoe9o@theguardian.com', '127-880-4703', '2025/06/27', 'B');
insert into store_customer (id, first_name, last_name, email, phone, birth_date, membership) values (350, 'Woodman', 'Girvin', 'wgirvin9p@g.co', '358-298-6040', '2025/11/03', 'G');
insert into store_customer (id, first_name, last_name, email, phone, birth_date, membership) values (351, 'Desirae', 'Cruickshank', 'dcruickshank9q@printfriendly.com', '396-647-4266', '2025/03/26', 'G');
insert into store_customer (id, first_name, last_name, email, phone, birth_date, membership) values (352, 'Justis', 'Dobrowlski', 'jdobrowlski9r@washingtonpost.com', '626-296-6760', '2025/02/27', 'G');
insert into store_customer (id, first_name, last_name, email, phone, birth_date, membership) values (353, 'Ramonda', 'Marskell', 'rmarskell9s@chicagotribune.com', '274-316-9322', '2025/09/02', 'G');
insert into store_customer (id, first_name, last_name, email, phone, birth_date, membership) values (354, 'Bruis', 'Majury', 'bmajury9t@soundcloud.com', '974-753-3664', '2025/02/01', 'S');
insert into store_customer (id, first_name, last_name, email, phone, birth_date, membership) values (355, 'Hamlen', 'Fogel', 'hfogel9u@meetup.com', '917-804-2674', '2025/05/10', 'B');
insert into store_customer (id, first_name, last_name, email, phone, birth_date, membership) values (356, 'Merrill', 'Norree', 'mnorree9v@vk.com', '372-967-3398', '2025/07/20', 'G');
insert into store_customer (id, first_name, last_name, email, phone, birth_date, membership) values (357, 'Rustin', 'MacElane', 'rmacelane9w@blog.com', '369-983-5308', '2025/03/03', 'S');
insert into store_customer (id, first_name, last_name, email, phone, birth_date, membership) values (358, 'Kelli', 'McCroft', 'kmccroft9x@uiuc.edu', '158-912-9153', '2025/06/18', 'G');
insert into store_customer (id, first_name, last_name, email, phone, birth_date, membership) values (359, 'Gray', 'Delieu', 'gdelieu9y@dot.gov', '926-838-2735', '2025/05/21', 'B');
insert into store_customer (id, first_name, last_name, email, phone, birth_date, membership) values (360, 'Bernelle', 'Rittelmeyer', 'brittelmeyer9z@example.com', '865-576-8987', '2025/10/10', 'S');
insert into store_customer (id, first_name, last_name, email, phone, birth_date, membership) values (361, 'Margette', 'Reed', 'mreeda0@google.nl', '977-878-3731', '2025/07/21', 'B');
insert into store_customer (id, first_name, last_name, email, phone, birth_date, membership) values (362, 'Kayley', 'Vize', 'kvizea1@patch.com', '972-404-7479', '2025/09/02', 'S');
insert into store_customer (id, first_name, last_name, email, phone, birth_date, membership) values (363, 'Herschel', 'Bettenson', 'hbettensona2@homestead.com', '404-271-5056', '2025/08/12', 'G');
insert into store_customer (id, first_name, last_name, email, phone, birth_date, membership) values (364, 'Blondelle', 'Davidof', 'bdavidofa3@technorati.com', '908-227-4749', '2026/01/23', 'S');
insert into store_customer (id, first_name, last_name, email, phone, birth_date, membership) values (365, 'Austin', 'Ughelli', 'aughellia4@disqus.com', '256-575-5278', '2025/02/23', 'B');
insert into store_customer (id, first_name, last_name, email, phone, birth_date, membership) values (366, 'Cherilyn', 'Varian', 'cvariana5@goo.gl', '318-628-9638', '2025/02/28', 'S');
insert into store_customer (id, first_name, last_name, email, phone, birth_date, membership) values (367, 'Ludwig', 'Falks', 'lfalksa6@cbc.ca', '819-609-1885', '2025/02/22', 'B');
insert into store_customer (id, first_name, last_name, email, phone, birth_date, membership) values (368, 'Wye', 'Magnar', 'wmagnara7@blogspot.com', '355-457-7698', '2025/03/24', 'G');
insert into store_customer (id, first_name, last_name, email, phone, birth_date, membership) values (369, 'Bertina', 'Livesay', 'blivesaya8@myspace.com', '555-771-3656', '2025/02/10', 'G');
insert into store_customer (id, first_name, last_name, email, phone, birth_date, membership) values (370, 'Fredek', 'Avard', 'favarda9@mediafire.com', '822-275-6462', '2025/02/25', 'S');
insert into store_customer (id, first_name, last_name, email, phone, birth_date, membership) values (371, 'Kinna', 'Castagne', 'kcastagneaa@chicagotribune.com', '846-499-1942', '2025/05/28', 'G');
insert into store_customer (id, first_name, last_name, email, phone, birth_date, membership) values (372, 'Ad', 'Forder', 'aforderab@salon.com', '258-673-7609', '2025/08/26', 'B');
insert into store_customer (id, first_name, last_name, email, phone, birth_date, membership) values (373, 'Wilburt', 'Sambells', 'wsambellsac@ucsd.edu', '696-896-3889', '2025/10/21', 'B');
insert into store_customer (id, first_name, last_name, email, phone, birth_date, membership) values (374, 'Konrad', 'MacKeague', 'kmackeaguead@army.mil', '886-992-5726', '2025/07/24', 'B');
insert into store_customer (id, first_name, last_name, email, phone, birth_date, membership) values (375, 'Merl', 'Snap', 'msnapae@bbc.co.uk', '293-674-7692', '2025/08/23', 'G');
insert into store_customer (id, first_name, last_name, email, phone, birth_date, membership) values (376, 'Cristen', 'Fillon', 'cfillonaf@last.fm', '645-766-5000', '2025/06/24', 'G');
insert into store_customer (id, first_name, last_name, email, phone, birth_date, membership) values (377, 'Corene', 'Benoey', 'cbenoeyag@altervista.org', '465-961-4617', '2026/01/24', 'B');
insert into store_customer (id, first_name, last_name, email, phone, birth_date, membership) values (378, 'Jaime', 'Parfitt', 'jparfittah@quantcast.com', '586-551-2338', '2025/09/15', 'B');
insert into store_customer (id, first_name, last_name, email, phone, birth_date, membership) values (379, 'Page', 'Najara', 'pnajaraai@nationalgeographic.com', '265-587-1166', '2025/05/01', 'G');
insert into store_customer (id, first_name, last_name, email, phone, birth_date, membership) values (380, 'Rhona', 'McQuade', 'rmcquadeaj@shutterfly.com', '689-428-2282', '2025/06/21', 'S');
insert into store_customer (id, first_name, last_name, email, phone, birth_date, membership) values (381, 'Gale', 'Dawdary', 'gdawdaryak@com.com', '738-194-9828', '2026/01/26', 'G');
insert into store_customer (id, first_name, last_name, email, phone, birth_date, membership) values (382, 'Natalina', 'Hackney', 'nhackneyal@imdb.com', '280-798-4137', '2026/01/18', 'G');
insert into store_customer (id, first_name, last_name, email, phone, birth_date, membership) values (383, 'Richart', 'Lightman', 'rlightmanam@theguardian.com', '583-844-6885', '2025/10/06', 'S');
insert into store_customer (id, first_name, last_name, email, phone, birth_date, membership) values (384, 'Joya', 'Watsham', 'jwatshaman@github.io', '687-761-7418', '2025/02/09', 'G');
insert into store_customer (id, first_name, last_name, email, phone, birth_date, membership) values (385, 'Raimondo', 'Fanshaw', 'rfanshawao@alibaba.com', '215-115-8252', '2025/03/22', 'B');
insert into store_customer (id, first_name, last_name, email, phone, birth_date, membership) values (386, 'Thia', 'Gatteridge', 'tgatteridgeap@blogtalkradio.com', '934-161-4166', '2025/05/09', 'S');
insert into store_customer (id, first_name, last_name, email, phone, birth_date, membership) values (387, 'Gabriel', 'Baude', 'gbaudeaq@blogtalkradio.com', '762-617-5503', '2025/05/30', 'G');
insert into store_customer (id, first_name, last_name, email, phone, birth_date, membership) values (388, 'Robinia', 'Heppenspall', 'rheppenspallar@gravatar.com', '671-196-7314', '2025/07/29', 'B');
insert into store_customer (id, first_name, last_name, email, phone, birth_date, membership) values (389, 'Carissa', 'Shilton', 'cshiltonas@hp.com', '405-957-4860', '2025/09/07', 'B');
insert into store_customer (id, first_name, last_name, email, phone, birth_date, membership) values (390, 'Sandie', 'Benfield', 'sbenfieldat@soup.io', '133-117-4010', '2025/04/09', 'B');
insert into store_customer (id, first_name, last_name, email, phone, birth_date, membership) values (391, 'Rosalinde', 'Nowill', 'rnowillau@about.com', '912-229-6474', '2025/04/03', 'G');
insert into store_customer (id, first_name, last_name, email, phone, birth_date, membership) values (392, 'Stearn', 'Rableau', 'srableauav@cloudflare.com', '660-407-3451', '2025/08/31', 'G');
insert into store_customer (id, first_name, last_name, email, phone, birth_date, membership) values (393, 'Rachelle', 'Coronado', 'rcoronadoaw@biglobe.ne.jp', '119-993-4702', '2025/10/24', 'S');
insert into store_customer (id, first_name, last_name, email, phone, birth_date, membership) values (394, 'Gilly', 'O''Lynn', 'golynnax@wikimedia.org', '200-853-1512', '2025/10/15', 'G');
insert into store_customer (id, first_name, last_name, email, phone, birth_date, membership) values (395, 'Merill', 'Irnis', 'mirnisay@yolasite.com', '763-668-1773', '2025/09/17', 'B');
insert into store_customer (id, first_name, last_name, email, phone, birth_date, membership) values (396, 'Carmen', 'Phare', 'cphareaz@sitemeter.com', '751-856-0680', '2025/10/05', 'S');
insert into store_customer (id, first_name, last_name, email, phone, birth_date, membership) values (397, 'Isidoro', 'McDonald', 'imcdonaldb0@godaddy.com', '792-804-7959', '2025/03/18', 'B');
insert into store_customer (id, first_name, last_name, email, phone, birth_date, membership) values (398, 'Bethena', 'Root', 'brootb1@ovh.net', '844-316-9748', '2025/09/20', 'G');
insert into store_customer (id, first_name, last_name, email, phone, birth_date, membership) values (399, 'Adah', 'Doerling', 'adoerlingb2@issuu.com', '892-998-2899', '2025/05/08', 'S');
insert into store_customer (id, first_name, last_name, email, phone, birth_date, membership) values (400, 'Belinda', 'Nertney', 'bnertneyb3@dailymail.co.uk', '623-355-5820', '2026/01/12', 'G');
insert into store_customer (id, first_name, last_name, email, phone, birth_date, membership) values (401, 'Perrine', 'Tettley', 'ptettleyb4@dell.com', '914-632-3881', '2025/08/18', 'S');
insert into store_customer (id, first_name, last_name, email, phone, birth_date, membership) values (402, 'Kin', 'Boatwright', 'kboatwrightb5@i2i.jp', '801-722-3483', '2025/08/17', 'S');
insert into store_customer (id, first_name, last_name, email, phone, birth_date, membership) values (403, 'Simmonds', 'MacMorland', 'smacmorlandb6@techcrunch.com', '227-679-2826', '2025/04/10', 'B');
insert into store_customer (id, first_name, last_name, email, phone, birth_date, membership) values (404, 'Truda', 'Camocke', 'tcamockeb7@vimeo.com', '713-203-4543', '2025/05/28', 'B');
insert into store_customer (id, first_name, last_name, email, phone, birth_date, membership) values (405, 'Julieta', 'Chaudret', 'jchaudretb8@nydailynews.com', '302-911-6369', '2025/03/03', 'G');
insert into store_customer (id, first_name, last_name, email, phone, birth_date, membership) values (406, 'Val', 'Brophy', 'vbrophyb9@icq.com', '165-585-5092', '2025/06/15', 'S');
insert into store_customer (id, first_name, last_name, email, phone, birth_date, membership) values (407, 'Bondy', 'Mew', 'bmewba@statcounter.com', '704-632-7104', '2025/11/22', 'G');
insert into store_customer (id, first_name, last_name, email, phone, birth_date, membership) values (408, 'Myrlene', 'Staden', 'mstadenbb@desdev.cn', '958-129-3406', '2025/06/01', 'B');
insert into store_customer (id, first_name, last_name, email, phone, birth_date, membership) values (409, 'Adolphe', 'Newgrosh', 'anewgroshbc@slashdot.org', '678-677-8649', '2025/03/28', 'G');
insert into store_customer (id, first_name, last_name, email, phone, birth_date, membership) values (410, 'Pedro', 'Hopfer', 'phopferbd@over-blog.com', '409-391-0209', '2025/12/04', 'S');
insert into store_customer (id, first_name, last_name, email, phone, birth_date, membership) values (411, 'Jacob', 'Hickisson', 'jhickissonbe@jigsy.com', '367-778-5361', '2025/10/18', 'B');
insert into store_customer (id, first_name, last_name, email, phone, birth_date, membership) values (412, 'Camile', 'Mose', 'cmosebf@devhub.com', '403-837-0428', '2025/12/31', 'B');
insert into store_customer (id, first_name, last_name, email, phone, birth_date, membership) values (413, 'Tim', 'Tytcomb', 'ttytcombbg@hostgator.com', '509-440-2556', '2025/07/23', 'S');
insert into store_customer (id, first_name, last_name, email, phone, birth_date, membership) values (414, 'Curry', 'Hatcliffe', 'chatcliffebh@msu.edu', '676-834-9809', '2025/07/11', 'G');
insert into store_customer (id, first_name, last_name, email, phone, birth_date, membership) values (415, 'Gianni', 'Petzold', 'gpetzoldbi@tripod.com', '734-754-6967', '2026/01/12', 'G');
insert into store_customer (id, first_name, last_name, email, phone, birth_date, membership) values (416, 'Kerwin', 'Haglinton', 'khaglintonbj@parallels.com', '104-138-6766', '2025/11/16', 'G');
insert into store_customer (id, first_name, last_name, email, phone, birth_date, membership) values (417, 'Charmain', 'Bravery', 'cbraverybk@nsw.gov.au', '490-364-0279', '2025/04/15', 'G');
insert into store_customer (id, first_name, last_name, email, phone, birth_date, membership) values (418, 'Virgie', 'Dunk', 'vdunkbl@arizona.edu', '235-517-3822', '2026/01/08', 'B');
insert into store_customer (id, first_name, last_name, email, phone, birth_date, membership) values (419, 'Hermione', 'Villalta', 'hvillaltabm@mashable.com', '837-826-2787', '2025/09/07', 'B');
insert into store_customer (id, first_name, last_name, email, phone, birth_date, membership) values (420, 'Winnie', 'Vaux', 'wvauxbn@myspace.com', '470-492-1909', '2025/12/20', 'G');
insert into store_customer (id, first_name, last_name, email, phone, birth_date, membership) values (421, 'Moselle', 'Moreing', 'mmoreingbo@wp.com', '619-351-9723', '2025/09/29', 'B');
insert into store_customer (id, first_name, last_name, email, phone, birth_date, membership) values (422, 'Elinor', 'Witherow', 'ewitherowbp@naver.com', '734-800-3190', '2026/01/20', 'G');
insert into store_customer (id, first_name, last_name, email, phone, birth_date, membership) values (423, 'Dynah', 'Tombleson', 'dtomblesonbq@nbcnews.com', '867-788-3536', '2025/08/18', 'B');
insert into store_customer (id, first_name, last_name, email, phone, birth_date, membership) values (424, 'Cully', 'Mervyn', 'cmervynbr@scribd.com', '272-701-8365', '2025/04/03', 'B');
insert into store_customer (id, first_name, last_name, email, phone, birth_date, membership) values (425, 'Alma', 'Doubrava', 'adoubravabs@google.it', '918-452-6425', '2025/04/02', 'S');
insert into store_customer (id, first_name, last_name, email, phone, birth_date, membership) values (426, 'Horten', 'Somner', 'hsomnerbt@imdb.com', '544-633-5425', '2025/12/24', 'S');
insert into store_customer (id, first_name, last_name, email, phone, birth_date, membership) values (427, 'Sarge', 'Dziwisz', 'sdziwiszbu@statcounter.com', '863-560-3096', '2025/12/31', 'B');
insert into store_customer (id, first_name, last_name, email, phone, birth_date, membership) values (428, 'Buiron', 'Toward', 'btowardbv@whitehouse.gov', '468-388-3320', '2025/06/09', 'B');
insert into store_customer (id, first_name, last_name, email, phone, birth_date, membership) values (429, 'Rivkah', 'Boyett', 'rboyettbw@simplemachines.org', '502-293-1977', '2025/02/15', 'G');
insert into store_customer (id, first_name, last_name, email, phone, birth_date, membership) values (430, 'Nikolas', 'Duiged', 'nduigedbx@blogtalkradio.com', '871-346-9501', '2025/11/14', 'B');
insert into store_customer (id, first_name, last_name, email, phone, birth_date, membership) values (431, 'Stevie', 'Hebard', 'shebardby@hao123.com', '558-138-6388', '2025/11/06', 'S');
insert into store_customer (id, first_name, last_name, email, phone, birth_date, membership) values (432, 'Marline', 'Romke', 'mromkebz@artisteer.com', '906-302-1422', '2025/07/10', 'B');
insert into store_customer (id, first_name, last_name, email, phone, birth_date, membership) values (433, 'Wallache', 'Durrell', 'wdurrellc0@e-recht24.de', '786-270-8218', '2025/08/28', 'G');
insert into store_customer (id, first_name, last_name, email, phone, birth_date, membership) values (434, 'Carolann', 'Piken', 'cpikenc1@google.pl', '223-445-4824', '2025/07/08', 'G');
insert into store_customer (id, first_name, last_name, email, phone, birth_date, membership) values (435, 'Steward', 'Helder', 'shelderc2@ifeng.com', '804-493-6534', '2025/03/04', 'S');
insert into store_customer (id, first_name, last_name, email, phone, birth_date, membership) values (436, 'Odetta', 'Maccari', 'omaccaric3@shutterfly.com', '119-127-1111', '2025/08/09', 'G');
insert into store_customer (id, first_name, last_name, email, phone, birth_date, membership) values (437, 'Vanna', 'Bellham', 'vbellhamc4@shop-pro.jp', '365-211-2764', '2026/01/28', 'G');
insert into store_customer (id, first_name, last_name, email, phone, birth_date, membership) values (438, 'Vivi', 'Kunisch', 'vkunischc5@admin.ch', '921-580-7428', '2025/09/06', 'G');
insert into store_customer (id, first_name, last_name, email, phone, birth_date, membership) values (439, 'Braden', 'Boole', 'bboolec6@dailymail.co.uk', '743-949-9136', '2025/07/05', 'G');
insert into store_customer (id, first_name, last_name, email, phone, birth_date, membership) values (440, 'Reagen', 'Pluck', 'rpluckc7@squarespace.com', '209-828-6923', '2025/05/08', 'G');
insert into store_customer (id, first_name, last_name, email, phone, birth_date, membership) values (441, 'Bertrando', 'McKie', 'bmckiec8@google.com.hk', '215-159-0398', '2025/08/30', 'S');
insert into store_customer (id, first_name, last_name, email, phone, birth_date, membership) values (442, 'Carlee', 'Brackstone', 'cbrackstonec9@php.net', '114-203-1321', '2025/08/21', 'G');
insert into store_customer (id, first_name, last_name, email, phone, birth_date, membership) values (443, 'Isabelle', 'Grishkov', 'igrishkovca@taobao.com', '253-310-6070', '2025/12/02', 'B');
insert into store_customer (id, first_name, last_name, email, phone, birth_date, membership) values (444, 'Larine', 'Mollitt', 'lmollittcb@alibaba.com', '337-467-3735', '2026/01/06', 'B');
insert into store_customer (id, first_name, last_name, email, phone, birth_date, membership) values (445, 'August', 'McPartling', 'amcpartlingcc@dion.ne.jp', '929-231-3357', '2025/02/08', 'B');
insert into store_customer (id, first_name, last_name, email, phone, birth_date, membership) values (446, 'Gusty', 'Zaczek', 'gzaczekcd@archive.org', '920-312-2648', '2025/02/26', 'G');
insert into store_customer (id, first_name, last_name, email, phone, birth_date, membership) values (447, 'Ronny', 'Bortoli', 'rbortolice@themeforest.net', '612-751-0836', '2025/04/12', 'B');
insert into store_customer (id, first_name, last_name, email, phone, birth_date, membership) values (448, 'Gayla', 'Spark', 'gsparkcf@hugedomains.com', '132-927-7091', '2025/07/11', 'G');
insert into store_customer (id, first_name, last_name, email, phone, birth_date, membership) values (449, 'Shalna', 'Cobbled', 'scobbledcg@163.com', '877-125-1536', '2025/09/29', 'G');
insert into store_customer (id, first_name, last_name, email, phone, birth_date, membership) values (450, 'Juieta', 'Gunston', 'jgunstonch@examiner.com', '873-529-1025', '2025/08/06', 'S');
insert into store_customer (id, first_name, last_name, email, phone, birth_date, membership) values (451, 'Arlina', 'Birrel', 'abirrelci@eepurl.com', '681-429-3197', '2025/06/11', 'G');
insert into store_customer (id, first_name, last_name, email, phone, birth_date, membership) values (452, 'Leonid', 'Callaby', 'lcallabycj@facebook.com', '944-164-6130', '2026/01/19', 'B');
insert into store_customer (id, first_name, last_name, email, phone, birth_date, membership) values (453, 'Dorris', 'Dower', 'ddowerck@altervista.org', '289-977-6819', '2025/10/13', 'S');
insert into store_customer (id, first_name, last_name, email, phone, birth_date, membership) values (454, 'Kathie', 'Hickford', 'khickfordcl@reddit.com', '775-816-0524', '2025/09/16', 'S');
insert into store_customer (id, first_name, last_name, email, phone, birth_date, membership) values (455, 'Una', 'Lampel', 'ulampelcm@sitemeter.com', '867-212-3818', '2025/09/19', 'S');
insert into store_customer (id, first_name, last_name, email, phone, birth_date, membership) values (456, 'Lazaro', 'Sidwick', 'lsidwickcn@psu.edu', '366-856-5230', '2025/11/10', 'G');
insert into store_customer (id, first_name, last_name, email, phone, birth_date, membership) values (457, 'Vanya', 'Beddoe', 'vbeddoeco@home.pl', '797-321-8676', '2026/01/07', 'G');
insert into store_customer (id, first_name, last_name, email, phone, birth_date, membership) values (458, 'El', 'Haggerston', 'ehaggerstoncp@oakley.com', '411-218-8705', '2025/09/30', 'S');
insert into store_customer (id, first_name, last_name, email, phone, birth_date, membership) values (459, 'Issiah', 'Neve', 'inevecq@goodreads.com', '910-909-6461', '2025/05/15', 'B');
insert into store_customer (id, first_name, last_name, email, phone, birth_date, membership) values (460, 'Ellswerth', 'Gallegos', 'egallegoscr@mysql.com', '745-281-0132', '2025/02/15', 'G');
insert into store_customer (id, first_name, last_name, email, phone, birth_date, membership) values (461, 'Sheppard', 'Gliddon', 'sgliddoncs@bbc.co.uk', '260-128-6856', '2025/12/19', 'B');
insert into store_customer (id, first_name, last_name, email, phone, birth_date, membership) values (462, 'Ernst', 'Dunstall', 'edunstallct@tuttocitta.it', '686-212-1236', '2025/04/21', 'S');
insert into store_customer (id, first_name, last_name, email, phone, birth_date, membership) values (463, 'Jacquenetta', 'Helgass', 'jhelgasscu@amazon.co.jp', '860-549-9637', '2025/10/21', 'G');
insert into store_customer (id, first_name, last_name, email, phone, birth_date, membership) values (464, 'Nikolos', 'Westbury', 'nwestburycv@addtoany.com', '405-343-4655', '2025/04/06', 'S');
insert into store_customer (id, first_name, last_name, email, phone, birth_date, membership) values (465, 'Nealy', 'Chaney', 'nchaneycw@google.com', '239-739-4323', '2025/09/01', 'B');
insert into store_customer (id, first_name, last_name, email, phone, birth_date, membership) values (466, 'Chrystal', 'Beynke', 'cbeynkecx@baidu.com', '424-844-8778', '2025/06/25', 'S');
insert into store_customer (id, first_name, last_name, email, phone, birth_date, membership) values (467, 'Giorgi', 'Wix', 'gwixcy@xinhuanet.com', '314-175-0449', '2025/08/31', 'G');
insert into store_customer (id, first_name, last_name, email, phone, birth_date, membership) values (468, 'Claudina', 'Pimmocke', 'cpimmockecz@hugedomains.com', '587-832-6199', '2025/06/25', 'G');
insert into store_customer (id, first_name, last_name, email, phone, birth_date, membership) values (469, 'Claribel', 'Mixer', 'cmixerd0@cocolog-nifty.com', '390-631-5114', '2025/12/23', 'B');
insert into store_customer (id, first_name, last_name, email, phone, birth_date, membership) values (470, 'Tessi', 'Pfeuffer', 'tpfeufferd1@arizona.edu', '369-802-2406', '2026/01/18', 'G');
insert into store_customer (id, first_name, last_name, email, phone, birth_date, membership) values (471, 'Garv', 'Heiner', 'gheinerd2@theatlantic.com', '215-650-3670', '2025/02/15', 'B');
insert into store_customer (id, first_name, last_name, email, phone, birth_date, membership) values (472, 'Ibby', 'Brislen', 'ibrislend3@engadget.com', '170-190-5232', '2025/08/23', 'S');
insert into store_customer (id, first_name, last_name, email, phone, birth_date, membership) values (473, 'Sherwynd', 'Trevaskiss', 'strevaskissd4@soundcloud.com', '944-516-3893', '2025/11/03', 'B');
insert into store_customer (id, first_name, last_name, email, phone, birth_date, membership) values (474, 'Jim', 'McGaraghan', 'jmcgaraghand5@va.gov', '981-292-1236', '2025/02/26', 'B');
insert into store_customer (id, first_name, last_name, email, phone, birth_date, membership) values (475, 'Lucretia', 'Paslow', 'lpaslowd6@amazon.com', '232-315-1569', '2025/11/02', 'B');
insert into store_customer (id, first_name, last_name, email, phone, birth_date, membership) values (476, 'Cosme', 'Simonnot', 'csimonnotd7@mayoclinic.com', '497-639-1532', '2025/10/18', 'S');
insert into store_customer (id, first_name, last_name, email, phone, birth_date, membership) values (477, 'Kim', 'Greenhalgh', 'kgreenhalghd8@weather.com', '468-496-8426', '2025/06/22', 'B');
insert into store_customer (id, first_name, last_name, email, phone, birth_date, membership) values (478, 'Lyman', 'Arman', 'larmand9@un.org', '908-451-5606', '2026/01/24', 'S');
insert into store_customer (id, first_name, last_name, email, phone, birth_date, membership) values (479, 'Modesta', 'Kettridge', 'mkettridgeda@myspace.com', '779-905-4978', '2025/09/21', 'B');
insert into store_customer (id, first_name, last_name, email, phone, birth_date, membership) values (480, 'Bondie', 'Braundt', 'bbraundtdb@thetimes.co.uk', '355-657-3571', '2025/03/27', 'G');
insert into store_customer (id, first_name, last_name, email, phone, birth_date, membership) values (481, 'Forest', 'Conrart', 'fconrartdc@icq.com', '203-237-8565', '2025/09/29', 'G');
insert into store_customer (id, first_name, last_name, email, phone, birth_date, membership) values (482, 'Georgette', 'Issacof', 'gissacofdd@seattletimes.com', '265-172-9985', '2025/09/04', 'G');
insert into store_customer (id, first_name, last_name, email, phone, birth_date, membership) values (483, 'Annmaria', 'Screaton', 'ascreatonde@imageshack.us', '993-960-4254', '2025/12/10', 'G');
insert into store_customer (id, first_name, last_name, email, phone, birth_date, membership) values (484, 'Babbie', 'Gay', 'bgaydf@cisco.com', '725-583-1864', '2025/12/19', 'S');
insert into store_customer (id, first_name, last_name, email, phone, birth_date, membership) values (485, 'Nanni', 'Fulcher', 'nfulcherdg@soundcloud.com', '529-946-4258', '2025/05/12', 'S');
insert into store_customer (id, first_name, last_name, email, phone, birth_date, membership) values (486, 'Pietra', 'Hail', 'phaildh@elegantthemes.com', '465-644-1832', '2025/10/31', 'S');
insert into store_customer (id, first_name, last_name, email, phone, birth_date, membership) values (487, 'Alida', 'Kleuer', 'akleuerdi@pagesperso-orange.fr', '338-999-4647', '2025/03/16', 'B');
insert into store_customer (id, first_name, last_name, email, phone, birth_date, membership) values (488, 'Mikel', 'Pithie', 'mpithiedj@ehow.com', '821-873-7437', '2025/02/17', 'G');
insert into store_customer (id, first_name, last_name, email, phone, birth_date, membership) values (489, 'Danella', 'Pauls', 'dpaulsdk@phoca.cz', '776-445-1207', '2025/05/13', 'G');
insert into store_customer (id, first_name, last_name, email, phone, birth_date, membership) values (490, 'Terrence', 'Adenot', 'tadenotdl@youtu.be', '225-988-7106', '2025/07/30', 'B');
insert into store_customer (id, first_name, last_name, email, phone, birth_date, membership) values (491, 'Grace', 'Gruby', 'ggrubydm@google.fr', '466-863-5992', '2025/07/25', 'G');
insert into store_customer (id, first_name, last_name, email, phone, birth_date, membership) values (492, 'Marcela', 'Franzoli', 'mfranzolidn@globo.com', '114-483-2246', '2025/03/23', 'G');
insert into store_customer (id, first_name, last_name, email, phone, birth_date, membership) values (493, 'Lynette', 'Philcock', 'lphilcockdo@netscape.com', '390-113-4129', '2025/09/28', 'B');
insert into store_customer (id, first_name, last_name, email, phone, birth_date, membership) values (494, 'Deedee', 'MacWhirter', 'dmacwhirterdp@sciencedirect.com', '331-798-3365', '2025/05/10', 'B');
insert into store_customer (id, first_name, last_name, email, phone, birth_date, membership) values (495, 'Nomi', 'Ingon', 'ningondq@jiathis.com', '175-950-7539', '2025/12/11', 'G');
insert into store_customer (id, first_name, last_name, email, phone, birth_date, membership) values (496, 'Vanni', 'Statersfield', 'vstatersfielddr@boston.com', '151-590-8762', '2025/02/15', 'G');
insert into store_customer (id, first_name, last_name, email, phone, birth_date, membership) values (497, 'Loella', 'Uebel', 'luebelds@shinystat.com', '721-962-7940', '2025/03/22', 'G');
insert into store_customer (id, first_name, last_name, email, phone, birth_date, membership) values (498, 'Levon', 'Philipsohn', 'lphilipsohndt@omniture.com', '485-293-8895', '2026/01/01', 'B');
insert into store_customer (id, first_name, last_name, email, phone, birth_date, membership) values (499, 'Caleb', 'Piche', 'cpichedu@google.co.jp', '110-267-9588', '2025/12/24', 'B');
insert into store_customer (id, first_name, last_name, email, phone, birth_date, membership) values (500, 'Guillermo', 'Dudgeon', 'gdudgeondv@cmu.edu', '312-956-5604', '2026/01/23', 'B');


insert into store_order (id, placed_at, payment_status, customer_id) values (1, '2025/09/21', 'P', 4);
insert into store_order (id, placed_at, payment_status, customer_id) values (2, '2025/12/29', 'F', 18);
insert into store_order (id, placed_at, payment_status, customer_id) values (3, '2025/02/22', 'P', 14);
insert into store_order (id, placed_at, payment_status, customer_id) values (4, '2025/03/21', 'P', 7);
insert into store_order (id, placed_at, payment_status, customer_id) values (5, '2025/02/17', 'P', 29);
insert into store_order (id, placed_at, payment_status, customer_id) values (6, '2025/08/18', 'P', 23);
insert into store_order (id, placed_at, payment_status, customer_id) values (7, '2025/04/15', 'P', 13);
insert into store_order (id, placed_at, payment_status, customer_id) values (8, '2025/02/09', 'F', 20);
insert into store_order (id, placed_at, payment_status, customer_id) values (9, '2026/01/17', 'F', 23);
insert into store_order (id, placed_at, payment_status, customer_id) values (10, '2025/08/03', 'F', 1);
insert into store_order (id, placed_at, payment_status, customer_id) values (11, '2025/05/08', 'P', 30);
insert into store_order (id, placed_at, payment_status, customer_id) values (12, '2025/06/20', 'C', 27);
insert into store_order (id, placed_at, payment_status, customer_id) values (13, '2025/04/22', 'C', 3);
insert into store_order (id, placed_at, payment_status, customer_id) values (14, '2025/02/27', 'P', 20);
insert into store_order (id, placed_at, payment_status, customer_id) values (15, '2025/10/28', 'C', 20);
insert into store_order (id, placed_at, payment_status, customer_id) values (16, '2025/08/06', 'C', 15);
insert into store_order (id, placed_at, payment_status, customer_id) values (17, '2026/01/15', 'P', 1);
insert into store_order (id, placed_at, payment_status, customer_id) values (18, '2025/11/07', 'C', 16);
insert into store_order (id, placed_at, payment_status, customer_id) values (19, '2025/10/30', 'C', 28);
insert into store_order (id, placed_at, payment_status, customer_id) values (20, '2025/05/22', 'F', 3);
insert into store_order (id, placed_at, payment_status, customer_id) values (21, '2025/06/10', 'C', 20);
insert into store_order (id, placed_at, payment_status, customer_id) values (22, '2025/08/08', 'P', 22);
insert into store_order (id, placed_at, payment_status, customer_id) values (23, '2025/12/16', 'P', 4);
insert into store_order (id, placed_at, payment_status, customer_id) values (24, '2025/10/10', 'F', 22);
insert into store_order (id, placed_at, payment_status, customer_id) values (25, '2025/10/08', 'C', 26);
insert into store_order (id, placed_at, payment_status, customer_id) values (26, '2025/05/14', 'P', 2);
insert into store_order (id, placed_at, payment_status, customer_id) values (27, '2025/03/16', 'P', 7);
insert into store_order (id, placed_at, payment_status, customer_id) values (28, '2025/06/18', 'C', 29);
insert into store_order (id, placed_at, payment_status, customer_id) values (29, '2025/06/14', 'F', 1);
insert into store_order (id, placed_at, payment_status, customer_id) values (30, '2025/10/17', 'C', 11);
insert into store_order (id, placed_at, payment_status, customer_id) values (31, '2025/06/15', 'F', 4);
insert into store_order (id, placed_at, payment_status, customer_id) values (32, '2025/04/24', 'P', 15);
insert into store_order (id, placed_at, payment_status, customer_id) values (33, '2025/11/01', 'P', 7);
insert into store_order (id, placed_at, payment_status, customer_id) values (34, '2025/02/04', 'C', 29);
insert into store_order (id, placed_at, payment_status, customer_id) values (35, '2025/10/23', 'C', 26);
insert into store_order (id, placed_at, payment_status, customer_id) values (36, '2025/06/20', 'F', 22);
insert into store_order (id, placed_at, payment_status, customer_id) values (37, '2025/10/02', 'P', 8);
insert into store_order (id, placed_at, payment_status, customer_id) values (38, '2025/04/04', 'P', 18);
insert into store_order (id, placed_at, payment_status, customer_id) values (39, '2025/02/28', 'C', 12);
insert into store_order (id, placed_at, payment_status, customer_id) values (40, '2025/09/15', 'C', 15);
insert into store_order (id, placed_at, payment_status, customer_id) values (41, '2025/11/08', 'F', 23);
insert into store_order (id, placed_at, payment_status, customer_id) values (42, '2025/11/10', 'P', 24);
insert into store_order (id, placed_at, payment_status, customer_id) values (43, '2025/12/09', 'C', 4);
insert into store_order (id, placed_at, payment_status, customer_id) values (44, '2025/11/01', 'F', 7);
insert into store_order (id, placed_at, payment_status, customer_id) values (45, '2025/03/06', 'F', 24);
insert into store_order (id, placed_at, payment_status, customer_id) values (46, '2025/02/19', 'P', 4);
insert into store_order (id, placed_at, payment_status, customer_id) values (47, '2025/05/17', 'F', 20);
insert into store_order (id, placed_at, payment_status, customer_id) values (48, '2025/06/17', 'F', 16);
insert into store_order (id, placed_at, payment_status, customer_id) values (49, '2025/07/16', 'F', 19);
insert into store_order (id, placed_at, payment_status, customer_id) values (50, '2025/10/07', 'P', 26);
insert into store_order (id, placed_at, payment_status, customer_id) values (51, '2025/06/21', 'C', 4);
insert into store_order (id, placed_at, payment_status, customer_id) values (52, '2025/10/01', 'C', 5);
insert into store_order (id, placed_at, payment_status, customer_id) values (53, '2026/01/04', 'F', 13);
insert into store_order (id, placed_at, payment_status, customer_id) values (54, '2025/06/20', 'P', 19);
insert into store_order (id, placed_at, payment_status, customer_id) values (55, '2025/05/12', 'C', 2);
insert into store_order (id, placed_at, payment_status, customer_id) values (56, '2025/07/28', 'C', 4);
insert into store_order (id, placed_at, payment_status, customer_id) values (57, '2025/06/05', 'F', 28);
insert into store_order (id, placed_at, payment_status, customer_id) values (58, '2025/08/03', 'C', 27);
insert into store_order (id, placed_at, payment_status, customer_id) values (59, '2025/07/06', 'P', 12);
insert into store_order (id, placed_at, payment_status, customer_id) values (60, '2025/11/28', 'F', 25);
insert into store_order (id, placed_at, payment_status, customer_id) values (61, '2025/05/17', 'F', 4);
insert into store_order (id, placed_at, payment_status, customer_id) values (62, '2025/02/06', 'F', 29);
insert into store_order (id, placed_at, payment_status, customer_id) values (63, '2026/01/27', 'P', 4);
insert into store_order (id, placed_at, payment_status, customer_id) values (64, '2025/11/25', 'P', 1);
insert into store_order (id, placed_at, payment_status, customer_id) values (65, '2025/04/17', 'C', 7);
insert into store_order (id, placed_at, payment_status, customer_id) values (66, '2025/10/11', 'P', 27);
insert into store_order (id, placed_at, payment_status, customer_id) values (67, '2025/08/29', 'C', 26);
insert into store_order (id, placed_at, payment_status, customer_id) values (68, '2025/08/27', 'C', 3);
insert into store_order (id, placed_at, payment_status, customer_id) values (69, '2025/09/10', 'P', 3);
insert into store_order (id, placed_at, payment_status, customer_id) values (70, '2026/01/15', 'F', 17);
insert into store_order (id, placed_at, payment_status, customer_id) values (71, '2025/04/06', 'F', 14);
insert into store_order (id, placed_at, payment_status, customer_id) values (72, '2025/10/04', 'F', 2);
insert into store_order (id, placed_at, payment_status, customer_id) values (73, '2025/09/22', 'F', 25);
insert into store_order (id, placed_at, payment_status, customer_id) values (74, '2025/03/23', 'F', 9);
insert into store_order (id, placed_at, payment_status, customer_id) values (75, '2025/10/20', 'F', 2);
insert into store_order (id, placed_at, payment_status, customer_id) values (76, '2025/09/10', 'P', 8);
insert into store_order (id, placed_at, payment_status, customer_id) values (77, '2026/01/27', 'P', 28);
insert into store_order (id, placed_at, payment_status, customer_id) values (78, '2025/06/19', 'F', 19);
insert into store_order (id, placed_at, payment_status, customer_id) values (79, '2025/07/26', 'P', 28);
insert into store_order (id, placed_at, payment_status, customer_id) values (80, '2025/02/11', 'F', 1);
insert into store_order (id, placed_at, payment_status, customer_id) values (81, '2025/03/22', 'F', 24);
insert into store_order (id, placed_at, payment_status, customer_id) values (82, '2025/11/26', 'F', 19);
insert into store_order (id, placed_at, payment_status, customer_id) values (83, '2025/06/23', 'C', 17);
insert into store_order (id, placed_at, payment_status, customer_id) values (84, '2025/11/21', 'C', 9);
insert into store_order (id, placed_at, payment_status, customer_id) values (85, '2025/11/26', 'P', 16);
insert into store_order (id, placed_at, payment_status, customer_id) values (86, '2026/01/24', 'P', 1);
insert into store_order (id, placed_at, payment_status, customer_id) values (87, '2025/04/11', 'P', 22);
insert into store_order (id, placed_at, payment_status, customer_id) values (88, '2025/03/31', 'P', 17);
insert into store_order (id, placed_at, payment_status, customer_id) values (89, '2025/03/26', 'C', 21);
insert into store_order (id, placed_at, payment_status, customer_id) values (90, '2025/05/27', 'P', 13);
insert into store_order (id, placed_at, payment_status, customer_id) values (91, '2025/10/24', 'C', 29);
insert into store_order (id, placed_at, payment_status, customer_id) values (92, '2025/11/29', 'P', 29);
insert into store_order (id, placed_at, payment_status, customer_id) values (93, '2025/10/26', 'C', 24);
insert into store_order (id, placed_at, payment_status, customer_id) values (94, '2025/12/24', 'C', 19);
insert into store_order (id, placed_at, payment_status, customer_id) values (95, '2025/04/05', 'F', 14);
insert into store_order (id, placed_at, payment_status, customer_id) values (96, '2025/03/19', 'F', 2);
insert into store_order (id, placed_at, payment_status, customer_id) values (97, '2026/01/11', 'F', 16);
insert into store_order (id, placed_at, payment_status, customer_id) values (98, '2025/08/04', 'F', 29);
insert into store_order (id, placed_at, payment_status, customer_id) values (99, '2025/09/26', 'F', 28);
insert into store_order (id, placed_at, payment_status, customer_id) values (100, '2026/01/22', 'F', 20);

insert into store_orderitem (id, order_id, product_id, quantity, unit_price) values (29, 4, 29, 1, 3421.72);
insert into store_orderitem (id, order_id, product_id, quantity, unit_price) values (30, 20, 35, 3, 1411.82);
insert into store_orderitem (id, order_id, product_id, quantity, unit_price) values (31, 16, 24, 5, 2356.09);
insert into store_orderitem (id, order_id, product_id, quantity, unit_price) values (32, 24, 8, 3, 8453.58);
insert into store_orderitem (id, order_id, product_id, quantity, unit_price) values (33, 28, 7, 1, 9715.24);
insert into store_orderitem (id, order_id, product_id, quantity, unit_price) values (34, 26, 26, 2, 6057.09);
insert into store_orderitem (id, order_id, product_id, quantity, unit_price) values (35, 15, 28, 4, 5446.94);
insert into store_orderitem (id, order_id, product_id, quantity, unit_price) values (36, 24, 31, 4, 2965.03);
insert into store_orderitem (id, order_id, product_id, quantity, unit_price) values (37, 24, 10, 2, 7682.96);
insert into store_orderitem (id, order_id, product_id, quantity, unit_price) values (38, 33, 43, 3, 6749.79);
insert into store_orderitem (id, order_id, product_id, quantity, unit_price) values (39, 19, 21, 4, 7748.72);
insert into store_orderitem (id, order_id, product_id, quantity, unit_price) values (40, 22, 13, 4, 6910.04);
insert into store_orderitem (id, order_id, product_id, quantity, unit_price) values (41, 32, 49, 1, 7772.03);
insert into store_orderitem (id, order_id, product_id, quantity, unit_price) values (42, 40, 30, 3, 6512.6);
insert into store_orderitem (id, order_id, product_id, quantity, unit_price) values (43, 21, 32, 3, 6182.54);
insert into store_orderitem (id, order_id, product_id, quantity, unit_price) values (44, 10, 15, 2, 5398.0);
insert into store_orderitem (id, order_id, product_id, quantity, unit_price) values (45, 27, 15, 1, 9128.46);
insert into store_orderitem (id, order_id, product_id, quantity, unit_price) values (46, 4, 15, 1, 3128.17);
insert into store_orderitem (id, order_id, product_id, quantity, unit_price) values (47, 14, 34, 1, 751.37);
insert into store_orderitem (id, order_id, product_id, quantity, unit_price) values (48, 30, 49, 3, 8534.57);
insert into store_orderitem (id, order_id, product_id, quantity, unit_price) values (49, 27, 44, 2, 1836.72);
insert into store_orderitem (id, order_id, product_id, quantity, unit_price) values (50, 40, 47, 5, 3774.11);
insert into store_orderitem (id, order_id, product_id, quantity, unit_price) values (51, 5, 47, 2, 2953.54);
insert into store_orderitem (id, order_id, product_id, quantity, unit_price) values (52, 33, 45, 2, 6935.68);
insert into store_orderitem (id, order_id, product_id, quantity, unit_price) values (53, 39, 39, 2, 6750.29);
insert into store_orderitem (id, order_id, product_id, quantity, unit_price) values (54, 14, 43, 1, 7504.12);
insert into store_orderitem (id, order_id, product_id, quantity, unit_price) values (55, 2, 24, 1, 76.99);
insert into store_orderitem (id, order_id, product_id, quantity, unit_price) values (56, 19, 6, 1, 3937.11);
insert into store_orderitem (id, order_id, product_id, quantity, unit_price) values (57, 14, 1, 1, 3658.0);
insert into store_orderitem (id, order_id, product_id, quantity, unit_price) values (58, 15, 16, 3, 7869.54);
insert into store_orderitem (id, order_id, product_id, quantity, unit_price) values (59, 5, 2, 4, 5753.14);
insert into store_orderitem (id, order_id, product_id, quantity, unit_price) values (60, 36, 25, 3, 8374.26);
insert into store_orderitem (id, order_id, product_id, quantity, unit_price) values (61, 8, 35, 2, 8055.04);
insert into store_orderitem (id, order_id, product_id, quantity, unit_price) values (62, 16, 29, 2, 8506.76);
insert into store_orderitem (id, order_id, product_id, quantity, unit_price) values (63, 7, 12, 1, 1046.89);
insert into store_orderitem (id, order_id, product_id, quantity, unit_price) values (64, 36, 11, 1, 2007.9);
insert into store_orderitem (id, order_id, product_id, quantity, unit_price) values (65, 33, 43, 3, 8514.75);
insert into store_orderitem (id, order_id, product_id, quantity, unit_price) values (66, 31, 38, 4, 1461.26);
insert into store_orderitem (id, order_id, product_id, quantity, unit_price) values (67, 9, 49, 2, 5898.19);
insert into store_orderitem (id, order_id, product_id, quantity, unit_price) values (68, 18, 12, 3, 2620.23);
insert into store_orderitem (id, order_id, product_id, quantity, unit_price) values (69, 12, 4, 3, 8217.21);
insert into store_orderitem (id, order_id, product_id, quantity, unit_price) values (70, 27, 43, 3, 5988.1);
insert into store_orderitem (id, order_id, product_id, quantity, unit_price) values (71, 23, 40, 2, 7427.9);
insert into store_orderitem (id, order_id, product_id, quantity, unit_price) values (72, 15, 49, 2, 1238.26);
insert into store_orderitem (id, order_id, product_id, quantity, unit_price) values (73, 8, 20, 1, 4756.83);
insert into store_orderitem (id, order_id, product_id, quantity, unit_price) values (74, 30, 21, 3, 4708.08);
insert into store_orderitem (id, order_id, product_id, quantity, unit_price) values (75, 31, 43, 1, 7758.86);
insert into store_orderitem (id, order_id, product_id, quantity, unit_price) values (76, 24, 15, 5, 2200.38);
insert into store_orderitem (id, order_id, product_id, quantity, unit_price) values (77, 5, 44, 5, 1467.96);
insert into store_orderitem (id, order_id, product_id, quantity, unit_price) values (78, 15, 7, 1, 7307.36);
insert into store_orderitem (id, order_id, product_id, quantity, unit_price) values (79, 34, 25, 3, 4753.37);
insert into store_orderitem (id, order_id, product_id, quantity, unit_price) values (80, 10, 22, 1, 4899.42);
insert into store_orderitem (id, order_id, product_id, quantity, unit_price) values (81, 17, 41, 1, 1759.55);
insert into store_orderitem (id, order_id, product_id, quantity, unit_price) values (82, 40, 26, 4, 7707.9);
insert into store_orderitem (id, order_id, product_id, quantity, unit_price) values (83, 35, 39, 5, 5612.09);
insert into store_orderitem (id, order_id, product_id, quantity, unit_price) values (84, 32, 4, 5, 7571.72);
insert into store_orderitem (id, order_id, product_id, quantity, unit_price) values (85, 32, 10, 1, 5835.75);
insert into store_orderitem (id, order_id, product_id, quantity, unit_price) values (86, 39, 33, 1, 2428.89);
insert into store_orderitem (id, order_id, product_id, quantity, unit_price) values (87, 28, 26, 5, 2792.05);
insert into store_orderitem (id, order_id, product_id, quantity, unit_price) values (88, 37, 28, 3, 1125.14);
insert into store_orderitem (id, order_id, product_id, quantity, unit_price) values (89, 23, 3, 1, 3103.14);
insert into store_orderitem (id, order_id, product_id, quantity, unit_price) values (90, 14, 36, 2, 4981.17);
insert into store_orderitem (id, order_id, product_id, quantity, unit_price) values (91, 1, 29, 1, 1936.04);
insert into store_orderitem (id, order_id, product_id, quantity, unit_price) values (92, 7, 30, 1, 3847.41);
insert into store_orderitem (id, order_id, product_id, quantity, unit_price) values (93, 25, 16, 1, 1110.07);
insert into store_orderitem (id, order_id, product_id, quantity, unit_price) values (94, 21, 41, 5, 7547.93);
insert into store_orderitem (id, order_id, product_id, quantity, unit_price) values (95, 37, 41, 3, 3837.84);
insert into store_orderitem (id, order_id, product_id, quantity, unit_price) values (96, 38, 41, 3, 5028.56);
insert into store_orderitem (id, order_id, product_id, quantity, unit_price) values (97, 32, 8, 5, 2969.29);
insert into store_orderitem (id, order_id, product_id, quantity, unit_price) values (98, 1, 1, 3, 8441.41);
insert into store_orderitem (id, order_id, product_id, quantity, unit_price) values (99, 10, 2, 4, 9593.93);
insert into store_orderitem (id, order_id, product_id, quantity, unit_price) values (100, 1, 40, 3, 1506.08);
insert into store_orderitem (id, order_id, product_id, quantity, unit_price) values (101, 34, 34, 5, 7099.9);
insert into store_orderitem (id, order_id, product_id, quantity, unit_price) values (102, 25, 22, 2, 7232.82);
insert into store_orderitem (id, order_id, product_id, quantity, unit_price) values (103, 33, 35, 3, 6082.05);
insert into store_orderitem (id, order_id, product_id, quantity, unit_price) values (104, 26, 42, 3, 6580.36);
insert into store_orderitem (id, order_id, product_id, quantity, unit_price) values (105, 37, 14, 5, 1077.33);
insert into store_orderitem (id, order_id, product_id, quantity, unit_price) values (106, 2, 41, 4, 7231.9);
insert into store_orderitem (id, order_id, product_id, quantity, unit_price) values (107, 7, 40, 5, 627.69);
insert into store_orderitem (id, order_id, product_id, quantity, unit_price) values (108, 15, 44, 3, 8303.48);
insert into store_orderitem (id, order_id, product_id, quantity, unit_price) values (109, 35, 49, 1, 9542.4);
insert into store_orderitem (id, order_id, product_id, quantity, unit_price) values (110, 37, 4, 3, 3632.12);
insert into store_orderitem (id, order_id, product_id, quantity, unit_price) values (111, 2, 9, 4, 7996.91);
insert into store_orderitem (id, order_id, product_id, quantity, unit_price) values (112, 39, 29, 1, 9391.7);
insert into store_orderitem (id, order_id, product_id, quantity, unit_price) values (113, 8, 18, 2, 4171.22);
insert into store_orderitem (id, order_id, product_id, quantity, unit_price) values (114, 29, 39, 2, 2262.93);
insert into store_orderitem (id, order_id, product_id, quantity, unit_price) values (115, 1, 37, 4, 3609.51);
insert into store_orderitem (id, order_id, product_id, quantity, unit_price) values (116, 38, 38, 2, 4517.71);
insert into store_orderitem (id, order_id, product_id, quantity, unit_price) values (117, 36, 14, 5, 8844.13);
insert into store_orderitem (id, order_id, product_id, quantity, unit_price) values (118, 5, 39, 1, 6842.88);
insert into store_orderitem (id, order_id, product_id, quantity, unit_price) values (119, 22, 38, 1, 730.49);
insert into store_orderitem (id, order_id, product_id, quantity, unit_price) values (120, 1, 50, 3, 6464.27);
insert into store_orderitem (id, order_id, product_id, quantity, unit_price) values (121, 8, 29, 4, 1033.79);
insert into store_orderitem (id, order_id, product_id, quantity, unit_price) values (122, 7, 49, 2, 5846.51);
insert into store_orderitem (id, order_id, product_id, quantity, unit_price) values (123, 8, 19, 3, 502.63);
insert into store_orderitem (id, order_id, product_id, quantity, unit_price) values (124, 30, 34, 1, 9693.89);
insert into store_orderitem (id, order_id, product_id, quantity, unit_price) values (125, 5, 31, 5, 93.99);
insert into store_orderitem (id, order_id, product_id, quantity, unit_price) values (126, 35, 50, 4, 1357.59);
insert into store_orderitem (id, order_id, product_id, quantity, unit_price) values (127, 39, 46, 3, 7534.23);
insert into store_orderitem (id, order_id, product_id, quantity, unit_price) values (128, 7, 6, 2, 8338.23);
insert into store_orderitem (id, order_id, product_id, quantity, unit_price) values (129, 36, 3, 5, 6839.67);
insert into store_orderitem (id, order_id, product_id, quantity, unit_price) values (130, 16, 27, 1, 7592.85);
insert into store_orderitem (id, order_id, product_id, quantity, unit_price) values (131, 10, 1, 5, 8699.99);
insert into store_orderitem (id, order_id, product_id, quantity, unit_price) values (132, 23, 10, 5, 3554.39);
insert into store_orderitem (id, order_id, product_id, quantity, unit_price) values (133, 9, 26, 3, 8708.89);
insert into store_orderitem (id, order_id, product_id, quantity, unit_price) values (134, 27, 47, 5, 6503.18);
insert into store_orderitem (id, order_id, product_id, quantity, unit_price) values (135, 25, 30, 4, 2811.33);
insert into store_orderitem (id, order_id, product_id, quantity, unit_price) values (136, 33, 4, 2, 6024.34);
insert into store_orderitem (id, order_id, product_id, quantity, unit_price) values (137, 19, 37, 4, 8153.07);
insert into store_orderitem (id, order_id, product_id, quantity, unit_price) values (138, 1, 44, 1, 5599.79);
insert into store_orderitem (id, order_id, product_id, quantity, unit_price) values (139, 27, 40, 1, 7821.78);
insert into store_orderitem (id, order_id, product_id, quantity, unit_price) values (140, 18, 44, 1, 548.3);
insert into store_orderitem (id, order_id, product_id, quantity, unit_price) values (141, 3, 36, 4, 7746.14);
insert into store_orderitem (id, order_id, product_id, quantity, unit_price) values (142, 37, 4, 3, 4755.31);
insert into store_orderitem (id, order_id, product_id, quantity, unit_price) values (143, 26, 44, 2, 5794.34);
insert into store_orderitem (id, order_id, product_id, quantity, unit_price) values (144, 8, 10, 1, 1453.15);
insert into store_orderitem (id, order_id, product_id, quantity, unit_price) values (145, 39, 13, 1, 5158.26);
insert into store_orderitem (id, order_id, product_id, quantity, unit_price) values (146, 33, 45, 2, 9627.02);
insert into store_orderitem (id, order_id, product_id, quantity, unit_price) values (147, 18, 22, 4, 283.9);
insert into store_orderitem (id, order_id, product_id, quantity, unit_price) values (148, 8, 37, 1, 1992.19);
insert into store_orderitem (id, order_id, product_id, quantity, unit_price) values (149, 14, 33, 3, 4978.06);
insert into store_orderitem (id, order_id, product_id, quantity, unit_price) values (150, 8, 24, 1, 8150.44);
insert into store_orderitem (id, order_id, product_id, quantity, unit_price) values (151, 33, 48, 1, 6576.45);
insert into store_orderitem (id, order_id, product_id, quantity, unit_price) values (152, 19, 3, 3, 8941.69);
insert into store_orderitem (id, order_id, product_id, quantity, unit_price) values (153, 33, 31, 1, 4971.75);
insert into store_orderitem (id, order_id, product_id, quantity, unit_price) values (154, 26, 33, 5, 4184.22);
insert into store_orderitem (id, order_id, product_id, quantity, unit_price) values (155, 31, 5, 4, 4365.31);
insert into store_orderitem (id, order_id, product_id, quantity, unit_price) values (156, 4, 9, 4, 8342.34);
insert into store_orderitem (id, order_id, product_id, quantity, unit_price) values (157, 20, 31, 3, 7132.75);
insert into store_orderitem (id, order_id, product_id, quantity, unit_price) values (158, 23, 28, 2, 7424.1);
insert into store_orderitem (id, order_id, product_id, quantity, unit_price) values (159, 6, 21, 4, 1781.2);
insert into store_orderitem (id, order_id, product_id, quantity, unit_price) values (160, 18, 49, 1, 4123.25);
insert into store_orderitem (id, order_id, product_id, quantity, unit_price) values (161, 35, 47, 4, 4146.1);
insert into store_orderitem (id, order_id, product_id, quantity, unit_price) values (162, 40, 25, 5, 2726.96);
insert into store_orderitem (id, order_id, product_id, quantity, unit_price) values (163, 40, 46, 1, 4577.35);
insert into store_orderitem (id, order_id, product_id, quantity, unit_price) values (164, 40, 45, 2, 5823.03);
insert into store_orderitem (id, order_id, product_id, quantity, unit_price) values (165, 12, 6, 3, 2675.1);
insert into store_orderitem (id, order_id, product_id, quantity, unit_price) values (166, 31, 7, 5, 8534.41);
insert into store_orderitem (id, order_id, product_id, quantity, unit_price) values (167, 26, 40, 3, 2609.97);
insert into store_orderitem (id, order_id, product_id, quantity, unit_price) values (168, 4, 4, 2, 994.85);
insert into store_orderitem (id, order_id, product_id, quantity, unit_price) values (169, 4, 18, 5, 601.31);
insert into store_orderitem (id, order_id, product_id, quantity, unit_price) values (170, 32, 2, 3, 1346.55);
insert into store_orderitem (id, order_id, product_id, quantity, unit_price) values (171, 23, 24, 3, 6267.66);
insert into store_orderitem (id, order_id, product_id, quantity, unit_price) values (172, 29, 50, 5, 5962.86);
insert into store_orderitem (id, order_id, product_id, quantity, unit_price) values (173, 24, 1, 4, 9907.29);
insert into store_orderitem (id, order_id, product_id, quantity, unit_price) values (174, 25, 40, 5, 131.85);
insert into store_orderitem (id, order_id, product_id, quantity, unit_price) values (175, 33, 5, 4, 6598.47);
insert into store_orderitem (id, order_id, product_id, quantity, unit_price) values (176, 17, 18, 2, 9101.82);
insert into store_orderitem (id, order_id, product_id, quantity, unit_price) values (177, 8, 17, 2, 104.07);
insert into store_orderitem (id, order_id, product_id, quantity, unit_price) values (178, 37, 48, 5, 4029.06);
insert into store_orderitem (id, order_id, product_id, quantity, unit_price) values (179, 25, 50, 3, 4417.71);
insert into store_orderitem (id, order_id, product_id, quantity, unit_price) values (180, 10, 8, 1, 6289.18);
insert into store_orderitem (id, order_id, product_id, quantity, unit_price) values (181, 10, 25, 5, 604.91);
insert into store_orderitem (id, order_id, product_id, quantity, unit_price) values (182, 13, 50, 3, 3414.29);
insert into store_orderitem (id, order_id, product_id, quantity, unit_price) values (183, 18, 22, 5, 2380.49);
insert into store_orderitem (id, order_id, product_id, quantity, unit_price) values (184, 31, 21, 2, 5624.86);
insert into store_orderitem (id, order_id, product_id, quantity, unit_price) values (185, 24, 41, 4, 3019.4);
insert into store_orderitem (id, order_id, product_id, quantity, unit_price) values (186, 7, 25, 4, 1902.18);
insert into store_orderitem (id, order_id, product_id, quantity, unit_price) values (187, 23, 43, 5, 335.58);
insert into store_orderitem (id, order_id, product_id, quantity, unit_price) values (188, 29, 34, 4, 988.63);
insert into store_orderitem (id, order_id, product_id, quantity, unit_price) values (189, 26, 31, 3, 5580.28);
insert into store_orderitem (id, order_id, product_id, quantity, unit_price) values (190, 2, 3, 2, 4016.07);
insert into store_orderitem (id, order_id, product_id, quantity, unit_price) values (191, 35, 21, 5, 4835.12);
insert into store_orderitem (id, order_id, product_id, quantity, unit_price) values (192, 8, 38, 5, 1956.2);
insert into store_orderitem (id, order_id, product_id, quantity, unit_price) values (193, 26, 19, 2, 4854.01);
insert into store_orderitem (id, order_id, product_id, quantity, unit_price) values (194, 36, 16, 4, 8925.42);
insert into store_orderitem (id, order_id, product_id, quantity, unit_price) values (195, 32, 47, 1, 698.45);
insert into store_orderitem (id, order_id, product_id, quantity, unit_price) values (196, 19, 47, 4, 3226.65);
insert into store_orderitem (id, order_id, product_id, quantity, unit_price) values (197, 17, 36, 1, 5002.81);
insert into store_orderitem (id, order_id, product_id, quantity, unit_price) values (198, 20, 35, 5, 365.83);
insert into store_orderitem (id, order_id, product_id, quantity, unit_price) values (199, 12, 42, 4, 7620.06);
insert into store_orderitem (id, order_id, product_id, quantity, unit_price) values (200, 8, 38, 1, 523.61);
insert into store_orderitem (id, order_id, product_id, quantity, unit_price) values (201, 13, 42, 4, 4446.45);
insert into store_orderitem (id, order_id, product_id, quantity, unit_price) values (202, 4, 23, 4, 8169.12);
insert into store_orderitem (id, order_id, product_id, quantity, unit_price) values (203, 31, 8, 3, 3128.76);
insert into store_orderitem (id, order_id, product_id, quantity, unit_price) values (204, 33, 46, 3, 4824.95);
insert into store_orderitem (id, order_id, product_id, quantity, unit_price) values (205, 5, 19, 5, 9895.59);
insert into store_orderitem (id, order_id, product_id, quantity, unit_price) values (206, 24, 17, 1, 472.55);
insert into store_orderitem (id, order_id, product_id, quantity, unit_price) values (207, 2, 17, 1, 4459.38);
insert into store_orderitem (id, order_id, product_id, quantity, unit_price) values (208, 10, 6, 4, 1235.07);
insert into store_orderitem (id, order_id, product_id, quantity, unit_price) values (209, 2, 4, 4, 7134.19);
insert into store_orderitem (id, order_id, product_id, quantity, unit_price) values (210, 15, 33, 2, 4678.63);
insert into store_orderitem (id, order_id, product_id, quantity, unit_price) values (211, 16, 3, 4, 4630.72);
insert into store_orderitem (id, order_id, product_id, quantity, unit_price) values (212, 26, 26, 2, 5069.19);
insert into store_orderitem (id, order_id, product_id, quantity, unit_price) values (213, 24, 27, 4, 1827.83);
insert into store_orderitem (id, order_id, product_id, quantity, unit_price) values (214, 2, 18, 4, 8591.35);
insert into store_orderitem (id, order_id, product_id, quantity, unit_price) values (215, 22, 2, 2, 6892.95);
insert into store_orderitem (id, order_id, product_id, quantity, unit_price) values (216, 17, 25, 4, 2718.7);
insert into store_orderitem (id, order_id, product_id, quantity, unit_price) values (217, 10, 16, 4, 4155.54);
insert into store_orderitem (id, order_id, product_id, quantity, unit_price) values (218, 16, 2, 4, 1423.14);
insert into store_orderitem (id, order_id, product_id, quantity, unit_price) values (219, 3, 38, 4, 4780.34);
insert into store_orderitem (id, order_id, product_id, quantity, unit_price) values (220, 27, 37, 5, 184.75);
insert into store_orderitem (id, order_id, product_id, quantity, unit_price) values (221, 39, 10, 2, 7377.84);
insert into store_orderitem (id, order_id, product_id, quantity, unit_price) values (222, 34, 45, 3, 500.29);
insert into store_orderitem (id, order_id, product_id, quantity, unit_price) values (223, 8, 1, 2, 8343.85);
insert into store_orderitem (id, order_id, product_id, quantity, unit_price) values (224, 28, 10, 1, 2621.94);
insert into store_orderitem (id, order_id, product_id, quantity, unit_price) values (225, 22, 43, 5, 2788.13);
insert into store_orderitem (id, order_id, product_id, quantity, unit_price) values (226, 39, 9, 5, 3910.62);
insert into store_orderitem (id, order_id, product_id, quantity, unit_price) values (227, 13, 26, 2, 4402.49);
insert into store_orderitem (id, order_id, product_id, quantity, unit_price) values (228, 26, 5, 1, 9939.42);
insert into store_orderitem (id, order_id, product_id, quantity, unit_price) values (229, 1, 41, 2, 499.7);
insert into store_orderitem (id, order_id, product_id, quantity, unit_price) values (230, 9, 2, 1, 9679.09);
insert into store_orderitem (id, order_id, product_id, quantity, unit_price) values (231, 15, 42, 2, 5069.23);
insert into store_orderitem (id, order_id, product_id, quantity, unit_price) values (232, 29, 13, 1, 5646.64);
insert into store_orderitem (id, order_id, product_id, quantity, unit_price) values (233, 5, 48, 1, 4316.83);
insert into store_orderitem (id, order_id, product_id, quantity, unit_price) values (234, 1, 4, 2, 6486.61);
insert into store_orderitem (id, order_id, product_id, quantity, unit_price) values (235, 23, 38, 5, 2442.85);
insert into store_orderitem (id, order_id, product_id, quantity, unit_price) values (236, 29, 2, 4, 9716.87);
insert into store_orderitem (id, order_id, product_id, quantity, unit_price) values (237, 22, 14, 1, 7472.7);
insert into store_orderitem (id, order_id, product_id, quantity, unit_price) values (238, 12, 32, 3, 3569.54);
insert into store_orderitem (id, order_id, product_id, quantity, unit_price) values (239, 1, 4, 5, 9181.5);
insert into store_orderitem (id, order_id, product_id, quantity, unit_price) values (240, 36, 10, 2, 791.24);
insert into store_orderitem (id, order_id, product_id, quantity, unit_price) values (241, 1, 5, 2, 9473.19);
insert into store_orderitem (id, order_id, product_id, quantity, unit_price) values (242, 22, 21, 1, 7456.45);
insert into store_orderitem (id, order_id, product_id, quantity, unit_price) values (243, 17, 32, 2, 5335.58);
insert into store_orderitem (id, order_id, product_id, quantity, unit_price) values (244, 7, 21, 3, 5543.28);
insert into store_orderitem (id, order_id, product_id, quantity, unit_price) values (245, 20, 12, 4, 8639.4);
insert into store_orderitem (id, order_id, product_id, quantity, unit_price) values (246, 14, 5, 3, 2731.69);
insert into store_orderitem (id, order_id, product_id, quantity, unit_price) values (247, 36, 8, 1, 3886.33);
insert into store_orderitem (id, order_id, product_id, quantity, unit_price) values (248, 33, 5, 1, 6274.91);
insert into store_orderitem (id, order_id, product_id, quantity, unit_price) values (249, 28, 45, 1, 2678.55);
insert into store_orderitem (id, order_id, product_id, quantity, unit_price) values (250, 6, 39, 4, 9210.19);
insert into store_orderitem (id, order_id, product_id, quantity, unit_price) values (251, 20, 19, 4, 1918.01);
insert into store_orderitem (id, order_id, product_id, quantity, unit_price) values (252, 24, 8, 2, 3799.29);
insert into store_orderitem (id, order_id, product_id, quantity, unit_price) values (253, 24, 27, 4, 6666.27);
insert into store_orderitem (id, order_id, product_id, quantity, unit_price) values (254, 10, 5, 3, 669.28);
insert into store_orderitem (id, order_id, product_id, quantity, unit_price) values (255, 36, 12, 5, 7010.37);
insert into store_orderitem (id, order_id, product_id, quantity, unit_price) values (256, 13, 6, 5, 2936.44);
insert into store_orderitem (id, order_id, product_id, quantity, unit_price) values (257, 39, 34, 3, 5078.26);
insert into store_orderitem (id, order_id, product_id, quantity, unit_price) values (258, 27, 9, 1, 4661.76);
insert into store_orderitem (id, order_id, product_id, quantity, unit_price) values (259, 5, 4, 4, 2150.74);
insert into store_orderitem (id, order_id, product_id, quantity, unit_price) values (260, 3, 18, 2, 6872.72);
insert into store_orderitem (id, order_id, product_id, quantity, unit_price) values (261, 12, 23, 5, 3754.82);
insert into store_orderitem (id, order_id, product_id, quantity, unit_price) values (262, 4, 12, 2, 6205.2);
insert into store_orderitem (id, order_id, product_id, quantity, unit_price) values (263, 2, 50, 4, 9678.76);
insert into store_orderitem (id, order_id, product_id, quantity, unit_price) values (264, 23, 29, 1, 8119.3);
insert into store_orderitem (id, order_id, product_id, quantity, unit_price) values (265, 5, 21, 5, 3778.42);
insert into store_orderitem (id, order_id, product_id, quantity, unit_price) values (266, 15, 16, 1, 8123.25);
insert into store_orderitem (id, order_id, product_id, quantity, unit_price) values (267, 33, 44, 2, 5926.49);
insert into store_orderitem (id, order_id, product_id, quantity, unit_price) values (268, 18, 44, 3, 8859.89);
insert into store_orderitem (id, order_id, product_id, quantity, unit_price) values (269, 27, 44, 5, 7212.63);
insert into store_orderitem (id, order_id, product_id, quantity, unit_price) values (270, 3, 35, 3, 5224.48);
insert into store_orderitem (id, order_id, product_id, quantity, unit_price) values (271, 28, 8, 1, 2137.7);
insert into store_orderitem (id, order_id, product_id, quantity, unit_price) values (272, 13, 41, 2, 3146.12);
insert into store_orderitem (id, order_id, product_id, quantity, unit_price) values (273, 23, 3, 1, 6942.57);
insert into store_orderitem (id, order_id, product_id, quantity, unit_price) values (274, 38, 26, 2, 4588.28);
insert into store_orderitem (id, order_id, product_id, quantity, unit_price) values (275, 29, 10, 4, 9659.42);
insert into store_orderitem (id, order_id, product_id, quantity, unit_price) values (276, 31, 22, 4, 6964.98);
insert into store_orderitem (id, order_id, product_id, quantity, unit_price) values (277, 13, 17, 1, 724.42);
insert into store_orderitem (id, order_id, product_id, quantity, unit_price) values (278, 19, 2, 2, 638.7);
insert into store_orderitem (id, order_id, product_id, quantity, unit_price) values (279, 19, 39, 2, 7618.7);
insert into store_orderitem (id, order_id, product_id, quantity, unit_price) values (280, 2, 22, 3, 9833.24);
insert into store_orderitem (id, order_id, product_id, quantity, unit_price) values (281, 27, 34, 1, 6643.68);
insert into store_orderitem (id, order_id, product_id, quantity, unit_price) values (282, 38, 38, 5, 7377.24);
insert into store_orderitem (id, order_id, product_id, quantity, unit_price) values (283, 4, 12, 2, 9410.9);
insert into store_orderitem (id, order_id, product_id, quantity, unit_price) values (284, 31, 46, 2, 8246.47);
insert into store_orderitem (id, order_id, product_id, quantity, unit_price) values (285, 7, 28, 5, 2788.34);
insert into store_orderitem (id, order_id, product_id, quantity, unit_price) values (286, 19, 37, 1, 847.78);
insert into store_orderitem (id, order_id, product_id, quantity, unit_price) values (287, 37, 33, 2, 4143.47);
insert into store_orderitem (id, order_id, product_id, quantity, unit_price) values (288, 37, 33, 4, 2888.16);
insert into store_orderitem (id, order_id, product_id, quantity, unit_price) values (289, 39, 24, 5, 3146.53);
insert into store_orderitem (id, order_id, product_id, quantity, unit_price) values (290, 10, 9, 4, 8261.39);
insert into store_orderitem (id, order_id, product_id, quantity, unit_price) values (291, 30, 46, 1, 8547.35);
insert into store_orderitem (id, order_id, product_id, quantity, unit_price) values (292, 4, 24, 2, 5185.65);
insert into store_orderitem (id, order_id, product_id, quantity, unit_price) values (293, 19, 9, 3, 7148.99);
insert into store_orderitem (id, order_id, product_id, quantity, unit_price) values (294, 35, 47, 5, 6799.74);
insert into store_orderitem (id, order_id, product_id, quantity, unit_price) values (295, 18, 32, 1, 3993.59);
insert into store_orderitem (id, order_id, product_id, quantity, unit_price) values (296, 34, 6, 3, 1411.86);
insert into store_orderitem (id, order_id, product_id, quantity, unit_price) values (297, 35, 43, 1, 2851.27);
insert into store_orderitem (id, order_id, product_id, quantity, unit_price) values (298, 2, 37, 2, 9308.68);
insert into store_orderitem (id, order_id, product_id, quantity, unit_price) values (299, 36, 46, 1, 6461.68);
insert into store_orderitem (id, order_id, product_id, quantity, unit_price) values (300, 30, 32, 4, 7618.83);
insert into store_orderitem (id, order_id, product_id, quantity, unit_price) values (301, 22, 18, 2, 9656.35);
insert into store_orderitem (id, order_id, product_id, quantity, unit_price) values (302, 15, 3, 2, 2875.04);
insert into store_orderitem (id, order_id, product_id, quantity, unit_price) values (303, 20, 41, 1, 3775.93);
insert into store_orderitem (id, order_id, product_id, quantity, unit_price) values (304, 29, 41, 2, 7048.19);
insert into store_orderitem (id, order_id, product_id, quantity, unit_price) values (305, 11, 21, 1, 6176.6);
insert into store_orderitem (id, order_id, product_id, quantity, unit_price) values (306, 22, 4, 3, 6009.36);
insert into store_orderitem (id, order_id, product_id, quantity, unit_price) values (307, 31, 46, 3, 6067.53);
insert into store_orderitem (id, order_id, product_id, quantity, unit_price) values (308, 23, 29, 1, 1744.89);
insert into store_orderitem (id, order_id, product_id, quantity, unit_price) values (309, 10, 14, 1, 4937.18);
insert into store_orderitem (id, order_id, product_id, quantity, unit_price) values (310, 12, 5, 2, 7467.78);
insert into store_orderitem (id, order_id, product_id, quantity, unit_price) values (311, 16, 27, 1, 4250.52);
insert into store_orderitem (id, order_id, product_id, quantity, unit_price) values (312, 4, 2, 1, 9217.4);
insert into store_orderitem (id, order_id, product_id, quantity, unit_price) values (313, 24, 2, 2, 1465.41);
insert into store_orderitem (id, order_id, product_id, quantity, unit_price) values (314, 32, 16, 1, 6501.97);
insert into store_orderitem (id, order_id, product_id, quantity, unit_price) values (315, 19, 10, 3, 9574.96);
insert into store_orderitem (id, order_id, product_id, quantity, unit_price) values (316, 10, 11, 5, 682.1);
insert into store_orderitem (id, order_id, product_id, quantity, unit_price) values (317, 10, 6, 2, 714.09);
insert into store_orderitem (id, order_id, product_id, quantity, unit_price) values (318, 16, 3, 3, 219.35);
insert into store_orderitem (id, order_id, product_id, quantity, unit_price) values (319, 2, 1, 5, 4228.31);
insert into store_orderitem (id, order_id, product_id, quantity, unit_price) values (320, 7, 33, 3, 4019.63);
insert into store_orderitem (id, order_id, product_id, quantity, unit_price) values (321, 12, 23, 2, 8511.64);
insert into store_orderitem (id, order_id, product_id, quantity, unit_price) values (322, 13, 27, 2, 2430.85);
insert into store_orderitem (id, order_id, product_id, quantity, unit_price) values (323, 10, 27, 1, 6969.66);
insert into store_orderitem (id, order_id, product_id, quantity, unit_price) values (324, 3, 26, 3, 1578.52);
insert into store_orderitem (id, order_id, product_id, quantity, unit_price) values (325, 39, 41, 2, 4877.17);
insert into store_orderitem (id, order_id, product_id, quantity, unit_price) values (326, 34, 24, 4, 1852.97);
insert into store_orderitem (id, order_id, product_id, quantity, unit_price) values (327, 25, 8, 5, 7664.69);
insert into store_orderitem (id, order_id, product_id, quantity, unit_price) values (328, 13, 18, 1, 1820.53);
insert into store_orderitem (id, order_id, product_id, quantity, unit_price) values (329, 23, 44, 4, 4277.93);
insert into store_orderitem (id, order_id, product_id, quantity, unit_price) values (330, 30, 3, 4, 385.89);
insert into store_orderitem (id, order_id, product_id, quantity, unit_price) values (331, 2, 38, 2, 2834.21);
insert into store_orderitem (id, order_id, product_id, quantity, unit_price) values (332, 40, 48, 2, 1065.52);
insert into store_orderitem (id, order_id, product_id, quantity, unit_price) values (333, 26, 30, 2, 9548.89);
insert into store_orderitem (id, order_id, product_id, quantity, unit_price) values (334, 21, 15, 5, 3088.07);
insert into store_orderitem (id, order_id, product_id, quantity, unit_price) values (335, 31, 17, 5, 3855.4);
insert into store_orderitem (id, order_id, product_id, quantity, unit_price) values (336, 8, 32, 2, 2796.93);
insert into store_orderitem (id, order_id, product_id, quantity, unit_price) values (337, 11, 24, 5, 2401.2);
insert into store_orderitem (id, order_id, product_id, quantity, unit_price) values (338, 19, 50, 5, 9056.95);
insert into store_orderitem (id, order_id, product_id, quantity, unit_price) values (339, 9, 17, 3, 1765.72);
insert into store_orderitem (id, order_id, product_id, quantity, unit_price) values (340, 28, 21, 2, 6743.28);
insert into store_orderitem (id, order_id, product_id, quantity, unit_price) values (341, 4, 31, 5, 360.14);
insert into store_orderitem (id, order_id, product_id, quantity, unit_price) values (342, 12, 9, 5, 9559.33);
insert into store_orderitem (id, order_id, product_id, quantity, unit_price) values (343, 8, 17, 2, 642.89);
insert into store_orderitem (id, order_id, product_id, quantity, unit_price) values (344, 6, 34, 4, 3305.31);
insert into store_orderitem (id, order_id, product_id, quantity, unit_price) values (345, 28, 19, 2, 1818.3);
insert into store_orderitem (id, order_id, product_id, quantity, unit_price) values (346, 25, 47, 4, 4877.23);
insert into store_orderitem (id, order_id, product_id, quantity, unit_price) values (347, 39, 3, 3, 6244.21);
insert into store_orderitem (id, order_id, product_id, quantity, unit_price) values (348, 40, 28, 2, 1337.95);
insert into store_orderitem (id, order_id, product_id, quantity, unit_price) values (349, 2, 47, 5, 197.69);
insert into store_orderitem (id, order_id, product_id, quantity, unit_price) values (350, 35, 39, 1, 7731.19);
insert into store_orderitem (id, order_id, product_id, quantity, unit_price) values (351, 25, 18, 2, 8163.15);
insert into store_orderitem (id, order_id, product_id, quantity, unit_price) values (352, 30, 26, 5, 8603.9);
insert into store_orderitem (id, order_id, product_id, quantity, unit_price) values (353, 10, 49, 5, 3704.48);
insert into store_orderitem (id, order_id, product_id, quantity, unit_price) values (354, 13, 41, 3, 3903.24);
insert into store_orderitem (id, order_id, product_id, quantity, unit_price) values (355, 10, 36, 3, 9000.29);
insert into store_orderitem (id, order_id, product_id, quantity, unit_price) values (356, 13, 24, 1, 6184.01);
insert into store_orderitem (id, order_id, product_id, quantity, unit_price) values (357, 26, 14, 1, 5928.51);
insert into store_orderitem (id, order_id, product_id, quantity, unit_price) values (358, 15, 12, 1, 8097.51);
insert into store_orderitem (id, order_id, product_id, quantity, unit_price) values (359, 1, 38, 5, 4615.3);
insert into store_orderitem (id, order_id, product_id, quantity, unit_price) values (360, 23, 9, 3, 9448.79);
insert into store_orderitem (id, order_id, product_id, quantity, unit_price) values (361, 25, 13, 5, 9593.48);
insert into store_orderitem (id, order_id, product_id, quantity, unit_price) values (362, 39, 50, 2, 7356.55);
insert into store_orderitem (id, order_id, product_id, quantity, unit_price) values (363, 27, 2, 2, 6232.37);
insert into store_orderitem (id, order_id, product_id, quantity, unit_price) values (364, 39, 50, 3, 5693.41);
insert into store_orderitem (id, order_id, product_id, quantity, unit_price) values (365, 33, 49, 1, 1463.31);
insert into store_orderitem (id, order_id, product_id, quantity, unit_price) values (366, 32, 25, 5, 275.09);
insert into store_orderitem (id, order_id, product_id, quantity, unit_price) values (367, 11, 14, 4, 5526.44);
insert into store_orderitem (id, order_id, product_id, quantity, unit_price) values (368, 5, 33, 1, 3256.69);
insert into store_orderitem (id, order_id, product_id, quantity, unit_price) values (369, 25, 31, 3, 4418.29);
insert into store_orderitem (id, order_id, product_id, quantity, unit_price) values (370, 21, 10, 3, 291.69);
insert into store_orderitem (id, order_id, product_id, quantity, unit_price) values (371, 34, 8, 5, 4389.31);
insert into store_orderitem (id, order_id, product_id, quantity, unit_price) values (372, 17, 49, 5, 2360.44);
insert into store_orderitem (id, order_id, product_id, quantity, unit_price) values (373, 3, 10, 3, 4641.45);
insert into store_orderitem (id, order_id, product_id, quantity, unit_price) values (374, 22, 22, 4, 7589.17);
insert into store_orderitem (id, order_id, product_id, quantity, unit_price) values (375, 12, 20, 1, 1370.11);
insert into store_orderitem (id, order_id, product_id, quantity, unit_price) values (376, 33, 5, 2, 6123.5);
insert into store_orderitem (id, order_id, product_id, quantity, unit_price) values (377, 10, 20, 3, 3536.6);
insert into store_orderitem (id, order_id, product_id, quantity, unit_price) values (378, 16, 24, 4, 9248.39);
insert into store_orderitem (id, order_id, product_id, quantity, unit_price) values (379, 35, 24, 4, 9734.11);
insert into store_orderitem (id, order_id, product_id, quantity, unit_price) values (380, 14, 1, 5, 7953.54);
insert into store_orderitem (id, order_id, product_id, quantity, unit_price) values (381, 13, 43, 1, 2850.48);
insert into store_orderitem (id, order_id, product_id, quantity, unit_price) values (382, 1, 18, 2, 2049.48);
insert into store_orderitem (id, order_id, product_id, quantity, unit_price) values (383, 23, 5, 5, 9880.33);
insert into store_orderitem (id, order_id, product_id, quantity, unit_price) values (384, 28, 9, 3, 4150.81);
insert into store_orderitem (id, order_id, product_id, quantity, unit_price) values (385, 27, 50, 5, 2632.0);
insert into store_orderitem (id, order_id, product_id, quantity, unit_price) values (386, 35, 37, 3, 6626.66);
insert into store_orderitem (id, order_id, product_id, quantity, unit_price) values (387, 2, 29, 1, 9333.04);
insert into store_orderitem (id, order_id, product_id, quantity, unit_price) values (388, 14, 25, 3, 3638.77);
insert into store_orderitem (id, order_id, product_id, quantity, unit_price) values (389, 35, 50, 1, 4041.71);
insert into store_orderitem (id, order_id, product_id, quantity, unit_price) values (390, 37, 7, 3, 8360.79);
insert into store_orderitem (id, order_id, product_id, quantity, unit_price) values (391, 19, 46, 1, 7218.14);
insert into store_orderitem (id, order_id, product_id, quantity, unit_price) values (392, 20, 37, 5, 2023.62);
insert into store_orderitem (id, order_id, product_id, quantity, unit_price) values (393, 20, 8, 5, 7695.18);
insert into store_orderitem (id, order_id, product_id, quantity, unit_price) values (394, 16, 8, 3, 9267.58);
insert into store_orderitem (id, order_id, product_id, quantity, unit_price) values (395, 6, 44, 2, 167.42);
insert into store_orderitem (id, order_id, product_id, quantity, unit_price) values (396, 33, 45, 2, 8835.56);
insert into store_orderitem (id, order_id, product_id, quantity, unit_price) values (397, 10, 31, 4, 2878.68);
insert into store_orderitem (id, order_id, product_id, quantity, unit_price) values (398, 39, 23, 1, 5149.24);
insert into store_orderitem (id, order_id, product_id, quantity, unit_price) values (399, 17, 42, 1, 9306.09);
insert into store_orderitem (id, order_id, product_id, quantity, unit_price) values (400, 33, 42, 4, 6990.11);


